# Verified stock disassembly; regenerate with tools/sonic_disassembly.py
000200,ErrorTrap,
000206,EntryPoint,
000238,SkipSecurity,
000242,Init_VDPRegs,
000254,WaitForZ80,
00025A,Init_SoundRAM,
000266,Init_ClearRAM,
000272,Init_ClearCRAM,zSpecialFreqCommands
00027C,Init_ClearVSRAM,
000284,Init_InputPSG,
000296,Init_SkipPowerOn,
000304,PSGInitValues_End,Test_LockOn
000330,zComputeNoteDuration,
00033A,zTrackRunTimer,
000354,Test_SystemString,
000384,DetermineWhichGame,
00039E,zPrepareModulation,
0003AC,S2orS3LockedOn,
000418,BlueSpheresStartup,
00041A,zDoModEnvelope,
000422,zModEnvSetIndex,
00043A,Test_Checksum,
000450,zlocModEnvIncMultiplier,
000460,zlocPositiveModEnvMod,
000462,zlocApplyModEnvMod,
000492,Test_Checksum_Done,zGetFMInstrumentOffset
000494,SonicAndKnucklesStartup,
0004B6,GameLoop,
00051A,JumpToSegaScreen,
000522,ChecksumError2,
000524,zFadeEffects,
00052A,ChecksumError2_Loop,
00053E,ChecksumError,
000552,zPlayMusicCredits,
000556,ChecksumError_Loop,
000558,DetectPAL,zPlayMusic
000584,VInt,
0005DC,VInt_Done,
000606,VInt_0,
000608,VInt_0_Main,
00062E,VInt_0_Level,
000690,VInt_0_FullyUnderwater,zClearNextSound
0006B4,VInt_0_Water_Cont,
0006C4,VInt_0_NoWater,
000762,VInt_0_Done,
00076E,VInt_2,
000780,VInt_14,
0007BA,VInt_4,
0007CC,zZeroFillTrackRAM,
0007DA,VInt_6,
0007E0,VInt_10,
0007EA,VInt_8,
000838,VInt_8_NoFlash,
00088C,VInt_8_Cont,
00095A,Do_Updates,
000978,VInt_A_C,
0009CC,TempoWait,
0009E2,zFillSoundQueue,
0009EE,zClearSoundQueue,
000A06,zSetMaxRelRate,
000A0A,zFMOperatorWriteLoop,
000A16,zPlaySegaSound,
000A20,zFadeInToPrevious,
000A88,VInt_E,
000A94,VInt_12,
000AA0,VInt_18,
000B5C,VInt_16,
000BA2,zUpdateDACTrack_cont,
000C00,VInt_1A,
000C20,VInt_1C,
000C3E,VInt_1E,
000C50,Do_ControllerPal,
000D0C,JmpTo_HInt,
000D10,HInt,
000D28,zGetFMParams,
000D2E,cfSetVoice,
000D64,zSetVoicePSG,
000DD6,HInt_Done,
000DD8,HInt3,
000E22,zStopCleanExit,
000E56,HInt3_Done,
000E58,HInt3_Do_Updates,cfSetPSGVolEnv
000E6C,HInt5,
000E98,cfJumpReturn,
000EE8,cfFM3SpecialMode,
000EEA,HInt5_Done,
000EEC,HInt5_Do_Updates,
000F00,HInt4,
000F3A,cfPlaySoundByIndex,
000F42,cfHaltSound,
000F7C,Hint4_Done,
000F7E,HInt4_Do_Updates,
000F92,HInt_6,
000FBE,cfResetSpindashRev,
000FC4,zUpdatePSGTrack,
00100E,HInt6_Done,
001010,HInt6_Do_Updates,
001024,HInt2,
001062,zDoVolEnvRest,
001068,zDoVolEnvAdvance,
00106C,zRestTrack,
00108A,zPlayDigitalAudio,
00109A,HInt2_Done,
00109C,HInt2_Do_Updates,
0010AE,Init_Controllers,
0010DE,Poll_Controllers,
0010EC,Poll_Controller,
001116,DecTable,
00111A,Init_VDP,
001126,zPlaySEGAPCM,
0011CA,Clear_DisplayData,
001240,Clear_DisplayData_No2P,
00129C,Clear_DisplayData_Cont,
0012CE,SndDrvInit,
001300,z80_SoundDriverPointers,
001358,Z80_DefaultVariables_end,Play_Music
00137A,Play_SFX_Local,
001380,Play_SFX,
0013C0,Play_SFX_Done,
0013C2,Change_Music_Tempo,
0013E4,Pause_Game,
0013EE,Pause_Main,
001430,Pause_Loop,
001452,Pause_ChkFrameAdvance,
001462,Pause_NoSlowMo,
001488,Pause_ChkStart,
001492,Pause_ResumeMusic,
0014B4,Pause_Unpause,
0014BA,Pause_NoPause,
0014BC,Pause_FrameAdvance,
0014E6,Plane_Map_To_VRAM,
001506,Plane_Map_To_VRAM_2,
001526,Add_To_DMA_Queue,
001586,Add_To_DMA_Queue_Done,
001588,Process_DMA_Queue,
0015BA,Nem_Decomp,
0015CC,Nem_Decomp_To_RAM,
0015D6,Nem_Decomp_Main,
001604,Nem_Process_Compressed_Data,
001618,z80_MusicPointers,
00163A,Nem_PCD_GetRepeatCount,
00163C,Nem_PCD_WritePixel,
001646,Nem_PCD_NewRow,
00164A,Nem_PCD_WritePixel_Loop,
001650,Nem_PCD_InlineData,
00167C,Nem_PCD_WriteRowToVDP,
00167E,z80_SFXPointers,
001686,Nem_PCD_WriteRowToVDP_XOR,
001692,Nem_PCD_WriteRowToRAM,
00169C,Nem_PCD_WriteRowToRAM_XOR,
0016A8,Nem_Build_Code_Table,
0016AA,Nem_BCT_ChkEnd,
0016B2,Nem_BCT_NewPalIndex,
0016B4,Nem_BCT_Loop,
0016E2,Nem_BCT_ShortCode,
0016EE,Nem_BCT_ShortCode_Loop,
0016FA,Load_PLC,
00172C,Load_PLC_Raw,
001746,Load_PLC_2,
001772,Clear_Nem_Queue,
001780,Process_Nem_Queue_Init,
0017D8,Process_Nem_Queue,z80_UniVoiceBank
0017F4,Process_Nem_Queue_2,
00180C,Process_Nem_Queue_Main,
001840,Process_Nem_Queue_Loop,
001870,Process_Nem_Queue_Done,
001872,Process_Nem_Queue_ShiftUp,
001892,Load_PLC_Immediate,
0018B4,Eni_Decomp,
0018D4,Eni_Decomp_Loop,
0018FE,Eni_Decomp_00,
001908,Eni_Decomp_01,
001910,Eni_Decomp_100,
00191C,Eni_Decomp_101,
00192A,Eni_Decomp_110,
001938,Eni_Decomp_111,
00194A,Eni_Decomp_Index,
00195A,Eni_Decomp_Done,
001972,Eni_Decomp_FetchInlineValue,
001A22,Eni_Decomp_FetchByte,
001A32,Kos_Decomp,
001A3E,Kos_Decomp_Loop,
001A50,Kos_Decomp_ChkBit,
001A58,Kos_Decomp_Match,
001A6C,Kos_Decomp_ChkBit2,
001A9C,Kos_Decomp_FullMatch,
001AB2,Kos_Decomp_MatchLoop,
001ABE,Kos_Decomp_FullMatch2,
001ACE,Kos_Decomp_Done,
001AD2,Queue_Kos_Module,
001AEA,Process_Kos_Module_Queue_Init,
001B28,Process_Kos_Module_Queue,
001BD8,Queue_Kos,
001BF0,Set_Kos_Bookmark,
001C02,zPalFlag,
001C0A,zMusicNumber,
001C10,zPauseFlag,
001C18,unk_1C18,
001C1A,Process_Kos_Queue,
001C26,Process_Kos_Queue_Main,zContinuousSFXFlag
001C2C,zCurrentTempoSave,
001C30,zDACIndex,
001C3E,zSongBank,
001C40,zTracksStart,
001C42,Process_Kos_Queue_Loop,
001C54,Process_Kos_Queue_ChkBit,
001C5C,Process_Kos_Queue_RLE,
001C70,Process_Kos_Queue_ChkBit2,
001CA0,Process_Kos_Queue_SeparateRLE,
001CB6,Process_Kos_Queue_RLELoop,
001CC2,Process_Kos_Queue_SeparateRLE2,
001CD2,Process_Kos_Queue_EndReached,
001CFA,Process_Kos_Queue_Done,
001CFC,Restore_Kos_Bookmark,
001D0C,Backup_Kos_Registers,
001D18,Wait_VSync,
001D24,Random_Number,
001D4C,GetSineCosine,
001FE4,GetArcTan,
002036,GetArcTan_Zero,
002142,AnPal_Load,
0021BC,AnPal_None,
0021BE,AnPal_AIZ1,
00227C,AnPal_AIZ2,
002334,AnPal_HCZ1,
002382,AnPal_HCZ2,
002384,AnPal_CNZ,
002440,AnPal_FBZ,
00244E,AnPal_ICZ,
002508,AnPal_LBZ1,
002510,AnPal_LBZ2,
002546,AnPal_SOZ1,
002598,AnPal_SOZ2,
00266C,AnPal_LRZ1,
0026F2,AnPal_LRZ2,
00277E,AnPal_DEZ1,
0027B2,AnPal_DEZ2,
00281A,AnPal_BPZ,
002884,AnPal_CGZ,
0028BA,AnPal_EMZ,
002918,AnPal_Pachinko,
0029A8,AnPal_Slots,
002A50,AnPal_LRZ3,
002AC0,AnPal_HPZ,
003750,SuperHyper_PalCycle,
003792,SuperHyper_PalCycle_FadeIn,
0037B4,SuperHyper_PalCycle_SonicApply,
0037E0,SuperHyper_PalCycle_ApplyUnderwater,
0037EE,SuperHyper_PalCycle_Revert,
003820,SuperHyper_PalCycle_RevertNotSonic,
00384A,SuperHyper_PalCycle_RevertKnuckles,
003854,SuperHyper_PalCycle_Normal,
00386E,SuperHyper_PalCycle_SuperSonic,
00389C,SuperHyper_PalCycle_HyperSonic,
0038C6,SuperHyper_PalCycle_HyperSonicApply,
0038E8,SuperHyper_PalCycle_NormalTails,
003914,SuperHyper_PalCycle_ApplyTails,
00393C,SuperHyper_PalCycle_NormalKnuckles,
00396C,SuperHyper_PalCycle_Apply,
003AF0,Pal_FadeFromBlack,
003B14,Pal_FromBlack,
003B54,Pal_AddColor,
003B80,Pal_FillBlack,
003BB8,Animate_Palette,
003BE4,Pal_FadeToBlack,
003C04,Pal_ToBlack,
003C32,Pal_DecColor,
003C62,Pal_FillWhite,
003C82,Pal_FadeFromWhite,
003CA4,Pal_FromWhite,
003CF0,Pal_DecColor2,
003D30,Pal_FadeToWhite,
003D50,Pal_ToWhite,
003D7E,Pal_AddColor2,
003DBE,LoadPalette,
003DDA,LoadPalette_Immediate,
003DF2,LoadPalette2,
003E0E,LoadPalette2_Immediate,
003E2A,Sega_Screen,
003E32,Title_Screen,
003FC8,Wait_SegaS3K,
004058,Wait_TitleS3K,
004352,TitleAnim_FlipBuffer,
0043D4,Iterate_TitleSonicFrame,
00440C,TitleSonic_LoadFrame,
00482C,Obj_TitleBanner,
00486C,Obj_TitleBanner_Main,
0048DC,Obj_TitleBanner_Display,
004924,Obj_TitleTM,
00495C,Obj_TitleTM_Display,
00496A,Obj_TitleANDKnuckles,
00499C,Obj_TitleANDKnuckles_Display,
0049D6,OldDebugCode,
004A1E,Obj_TitleCopyright,
004A56,Obj_TitleCopyright_Display,
004A5C,Obj_TitleSelection,
004A88,Obj_TitleSelection_Main,
004AE4,Obj_TitleSonicFinger,
004B16,Obj_TitleSonicFinger_Display,
004B54,Obj_TitleSonicWink,
004B86,Obj_TitleSonicWink_Display,
004BB2,Obj_TitleTailsPlane,
004BE4,Obj_TitleTailsPlane_Main,
004C4E,S3_Level_Select_Code,
005048,SK_Alone_Title_Screen,
00552E,Prep_MHZDemo,
005628,Obj_SKTitle_SonicFall,
00565A,Obj_SKTitle_SonicFallMain,
0056E8,Obj_SKTitle_SonicFallLand,
005718,Obj_SKTitle_SonicFallLand_2,
00571E,Obj_SKTitle_SonicFallFinish,
00576E,Obj_SKTitle_SonicFallEnd,
005770,Obj_SKTitle_DeathEgg,
0057A2,Obj_SKTitle_DeathEggMain,
005802,Obj_SKTitle_DeathEggShake,
005856,Obj_SKTitle_Mountain,
00587C,Obj_SKTitle_MountainMain,
0058A8,Obj_SKTitle_Banner,
0058F0,Obj_SKTitle_BannerMain,
00596C,Obj_SKTitle_BannerDisplay,
005972,Obj_SKTitle_HandAnim,
0059A6,Obj_SKTitle_HandAnimMain,
005A50,SKTitle_AnimateHands,
005AE4,Obj_SKTitle_Icon,
005B42,Obj_SKTitle_IconDisplay,
005C10,Obj_SKTitle_Icon2,
005C42,Obj_SKTitle_Icon2Display,
005C70,Obj_SKTitle_TM,
005CA2,Obj_SKTitle_TMDisplay,
005CB0,Obj_SKTitle_Copyright,
005CE2,Obj_SKTitle_CopyrightDisplay,
005CE8,Copy_Map_Line_To_VRAM,
005D24,RAM_Map_Data_To_VDP,
005D4E,ClearVRAMArea,
005D62,SKTitle_ScreenShake,
005D94,SKTitle_DeformBG,
005FB2,Level,
00650C,LevelLoop,
00656C,Level_NotLRZ,
00659E,Level_NotSlots,
0065B2,DemoMode,
0067B6,LevelLoad_ActiveCharacter,
0067EE,SpawnLevelMainSprites,
0069B8,SpawnLevelMainSprites_SpawnPowerup,
006A76,SpawnLevelMainSprites_SpawnPlayers,
006C2C,Obj_ResetCollisionResponseList,
006C34,Handle_Onscreen_Water_Height,
006D6C,DynamicWaterHeight,
006DDC,DynamicWaterHeight_AIZ1,
006DDE,DynamicWaterHeight_AIZ2,
006E6E,Obj_6E6E,
006E82,DynamicWaterHeight_HCZ1,
006E9C,DynamicWaterHeight_HCZ2,
006ECA,DynamicWaterHeight_Null,
006ECC,DynamicWaterHeight_LBZ1,
006EE8,DynamicWaterHeight_LBZ2,
006F1A,DynamicWaterHeight_Null2,
006F1C,DynamicWaterHeight_Ending,
006F90,HCZ_WaterTunnels,
0075D2,GetDemoPtr,
007616,Demo_PlayRecord,
0076A6,LoadSolids,
0076D8,LoadSolids_SK_Interleaved_Format,
0076E6,OscillateNumInit,
0076F2,Osc_Loop,
00773C,OscillateNumDo,
007790,OscillateNumDo_Return,
0077D2,ChangeRingFrame,
007812,LoadLevelLoadBlock,
007892,CheckLevelForWater,
00796C,LoadWaterPalette,
007A74,LevelSelect_S2Options,
007C4A,LevelSelect_Main,
007C8C,LevelSelect_PressStart,
007CE2,LevelSelect_SpecialStage,
007D14,LevelSelect_SpecialStageCheck,
007D64,LevelSelect_Return,
007D6C,LevelSelect_CheckKnuckles,
007D92,LevelSelect_DenySelection,
007D9E,LevelSelect_CheckSonicTails,
007DD6,LevelSelect_StartZone,
007E64,LevSelControls,
007EAA,LevSelControls_CheckLR,
007F08,LevSelControls_SwitchSide,
007F46,LevelSelect_PickCharacterNumber,
007F62,LevelSelect_MarkFields,
008002,LevelSelect_DrawCharacterNumber,
008012,LevelSelect_DrawSoundNumber,
008020,LevelSelect_DrawContinued,
0081C6,SpecialStage,
0087DA,Rotate_SSPal,
00881A,Update_SSMap,
008C5E,Draw_SSNum,
008D5C,AllocateObjectAfterCurrent_SpecialStage,
008DF8,Obj_SStage_8DF8,
008E40,Obj_SStage_8E40,
008FAA,Obj_SStage_8FAA,
0091A2,SStage_PLCLoad_91A2,
009212,Obj_SStage_9212,
009444,Obj_SStage_9444,
0094D6,Draw_SSShadows,
0098F0,Draw_SSSprites,
009AF4,Draw_SSSprite_Normal,
009B18,Draw_SSSprite_FlyAway,
009D9E,Animate_SSRings,
009DCA,Find_SStageCollisionResponseSlot,
009DDE,Touch_SSSprites,
009E04,Touch_SSSprites_Ring,
009E34,Touch_SSSprites_BlueSphere,
009E88,Decrement_BlueSphere_Count,
009EBC,Sphere_To_Rings,
009ED2,Blue_To_Ring_Next_Ring_B,
009EDE,Blue_To_Ring_Next_Direction_B,
009EFC,Blue_To_Ring_Continue_B,
009F0E,Blue_To_Ring_Next_Ring_R,
009F1A,Blue_To_Ring_Next_Direction_R,
009F30,Blue_To_Ring_Continue_R,
009F44,Find_Red_Sphere_Loop,
009F54,Red_Loop_Check_Neighbors,
009F84,Red_Loop_Count_Horizontal_Left,
009F98,Red_Loop_Count_Horizontal_Right,
009FB6,Red_Loop_Count_Vertically_Up,
009FCA,Red_Loop_Count_Vertically_Down,
009FF6,Red_Loop_Find_Next,
00A034,Red_Loop_Push_Stack,
00A054,Red_Loop_Decrement,
00A05A,Red_Loop_Pop_Stack,
00A078,Red_Loop_Processes_Loop,
00A08C,Red_Loop_Walk_Forward,
00A09A,Red_Loop_Direction_Changed,
00A0A4,Red_Loop_Blue_Check,
00A0B8,Red_Loop_Blue_To_Ring,
00A0C4,Red_Loop_Return_To_DFS,
00A0E6,Load_SSSprite_Mappings,
00A24C,GetScalars2,
00A85E,Competition_Menu,
00AADC,Obj_Competition_AADC,
00AB00,Obj_Competition_AB00,
00AB90,Competition_LevelSelect,
00AF24,Obj_Competition_ZoneSelect,
00B2CC,Competition_PlayerSelect,
00B4F6,Obj_Competition_StaticSprite,
00B508,Obj_Competition_2PSelect,
00B52C,Obj_Competition_1PSelect,
00B64E,Obj_CompetitionPlayerSprite2P,
00B656,Obj_CompetitionPlayerSprite,
00B6A6,Obj_Competition_PRESSSTART,
00B74E,Competition_Results,
00B9A6,Obj_Competition_B9A6,
00B9CA,Obj_Competition_B9CA,
00BC08,TimeAttack_Records,
00BEF8,Obj_Competition_BEF8,
00C006,KosArt_To_VDP,
00C088,Copy_Listed_Data_To_VRAM,
00C10C,Set_Lives_and_Continues,
00C154,SRAM_Load,
00C30E,Get_From_SRAM,
00C320,Read_SRAM,
00C362,Create_SRAMChecksum,
00C376,Write_SRAM,
00C3C2,Write_SaveGeneral,
00C3C6,Write_SaveGeneral2,
00C3E4,Write_SaveGame,
00C434,SaveGame,
00C4D2,SaveGame_SpecialStage,
00C532,SaveGame_LivesContinues,
00C570,SaveScreen,
00C802,SaveScreen_MainLoop,
00D1B6,Obj_SaveScreen_Selector,
00D30C,Obj_SaveScreen_NoSave_Slot,
00D39E,Obj_SaveScreen_Save_Slot,
00D458,Load_Level_Icons,
00D69E,Set_ChildSprites,
00D70C,Obj_SaveScreen_Emeralds,
00D782,Obj_SaveScreen_Delete_Save,
00D78C,SaveScreen_Delete_Save_Index,
00D96A,Load_Icon_Art,
00DB3C,Render_HUD_P1,
00DB44,Render_HUD,
00DBB4,Render_HUD_P2,
00DCCA,HUD_AddToScore,
00DD06,UpdateHUD,
00DDCE,UpdateHUD_TimeOver,
00DE88,HUD_DrawZeroRings,
00DE9C,HUD_DrawInitial,
00DEFC,HUD_Debug,
00DF80,DrawThreeDigitNumber,
00DF8A,DrawSixDigitNumber,
00E058,DrawSingleDigitNumber,
00E062,DrawTwoDigitNumber,
00E11E,HUD_Lives,
00E8AA,Load_Rings,
00EA20,Test_Ring_Collisions,
00EA66,Test_Ring_Collisions_NoAttraction,
00EA8A,Test_Ring_Collisions_NextRing,
00EAF0,Test_Ring_Collisions_AttractRing,
00EB86,Render_Rings,
00EC2E,Player_AnglePos,
00ED4C,Player_Angle,
00ED8C,Player_WalkVertR,
00EE5A,Player_WalkCeiling,
00EF08,Player_WalkVertL,
00EFB6,Find_Tile_BG,
00EFF0,Find_Tile_FG,
00F22A,FindFloor,
00F3A4,Ring_FindFloor,
00F47E,FindWall,
00F72E,CalcRoomOverHead,
00F76E,Sonic_CheckFloor,
00F7FA,CheckFloorDist,
00F802,CheckFloorDist_Part2,
00F894,ChkFloorEdge,
00F898,ChkFloorEdge_Part2,
00F8A6,ChkFloorEdge_Part3,
00F8EA,SonicOnObjHitFloor,
00F938,ObjCheckFloorDist,
00F93C,ObjCheckFloorDist2,
00F96E,FireCheckFloorDist,
00F994,RingCheckFloorDist,
00F9BA,CheckRightCeilingDist,
00FA7A,CheckRightWallDist,
00FAC4,ObjCheckRightWallDist,
00FAF2,Sonic_CheckCeiling,
00FBC6,CheckCeilingDist,
00FBCE,CheckCeilingDist_Part2,
00FBEE,CheckCeilingDist_WithRadius,
00FC12,ObjCheckCeilingDist,
00FC4A,ChkFloorEdge_ReverseGravity,
00FC5C,ChkFloorEdge_ReverseGravity_Part2,
00FCA0,RingCheckFloorDist_ReverseGravity,
00FCCA,CheckLeftCeilingDist,
00FD9A,CheckLeftWallDist,
00FE3C,ObjCheckLeftWallDist,
00FE44,ObjCheckLeftWallDist_Part2,
00FE6E,TouchResponse_CompetitionMode,
00FE8E,TouchResponse,
00FEEA,Touch_NoInstaShield,
00FF06,Touch_Process,
00FF0E,Touch_Loop,
00FF16,Touch_NextObj,
00FF1E,Touch_Width,
00FF42,Touch_Height,
00FFD4,Touch_ChkValue,
01001A,Touch_Monitor,
0100BC,Touch_Enemy,
01019A,Touch_EnemyNormal,
01021E,Touch_ChkHurt,
010236,Touch_ChkHurt2,
01023E,Touch_ChkHurt_Return,
010242,Touch_ChkHurt_NoPowerUp,
01024A,Touch_ChkHurt_HaveShield,
010254,Touch_ChkHurt_Bounce_Projectile,
01028A,Touch_Hurt,
010294,HurtCharacter,
010366,Kill_Character,
0103BA,Touch_Special,
01040C,Add_SpriteToCollisionResponseList,
01041E,ShieldTouchResponse,
010448,ShieldTouch_Loop,
010458,ShieldTouch_NextObj,
01045E,ShieldTouch_Width,
01048E,ShieldTouch_Height,
0104EA,HyperAttackTouchResponse,
0104F6,HyperTouch_Loop,
010500,HyperTouch_NextObj,
010506,HyperTouch_Exit,
01050C,HyperTouch_ChkValue,
010526,HyperTouch_Enemy,
01052E,HyperTouch_DestroyEnemy,
01058E,HyperTouch_Harmful,
01059C,HyperTouch_Special,
0105C4,Obj_Sonic2P,
010A94,Obj_Sonic,
010AD8,JmpTo_DebugMode,
010ADE,Sonic_Normal,
010AFA,Sonic_Init,
010B84,Sonic_Init_Continued,
010BBA,Sonic_Control,
010C98,Sonic_Display,
010CAC,Sonic_ChkInvin,
010CE2,Sonic_RmvInvin,
010CE8,Sonic_ChkShoes,
010D40,Sonic_ExitChk,
010D42,Sonic_ChkShoesCompetition,
010D66,Sonic_RecordPos,
010DA0,Sonic_RecordPosCompetition,
010DC0,Sonic_RecordPosCompetitionP2,
010DDA,Reset_Player_Position_Array,
010E04,Reset_Player_Position_ArrayP2,
010E26,Sonic_Water,
010E2E,Sonic_InWater,
010EA6,Sonic_OutWater,
010F2C,Sonic_MdNormal,
010F84,Call_Player_AnglePos,
010FB6,Sonic_MdAir,
010FE0,Sonic_MdRoll,
011036,Sonic_MdJump,
011060,Sonic_Move,
011086,Sonic_NotLeft,
011092,Sonic_NotRight,
0110F6,SuperSonic_Balance,
011108,Sonic_BalanceOnObjRight,
011146,Sonic_BalanceOnObjLeft,
011184,Sonic_Balance,
011508,Sonic_RollSpeed,
01164E,Sonic_ChgJumpDir,
0116A2,Sonic_Jump_ResetScr,
0116AE,Sonic_JumpPeakDecelerate,
0116D0,Sonic_JumpPeakDecelerateLeft,
0116DE,Player_LevelBound,
011706,Player_Boundary_CheckBottom,
01172C,Player_Boundary_Bottom,
011732,Player_Boundary_Sides,
01174A,SonicKnux_Roll,
011780,Player_ChkWalk,
011790,Player_ChkRoll,
01179A,Player_DoRoll,
0117DA,Sonic_Jump,
0118B4,Sonic_RollJump,
0118BC,Sonic_JumpHeight,
0118EA,Sonic_UpVelCap,
011900,Sonic_ShieldMoves,
01192C,Sonic_FireShield,
01197A,Sonic_LightningShield,
0119A2,Sonic_BubbleShield,
0119D2,Sonic_CheckTransform,
0119F6,Sonic_InstaShield,
011A16,Sonic_Transform,
011A96,Sonic_HyperDash,
011B26,Tails_Super,
011B30,SonicKnux_SuperHyper,
011BDE,SonicKnux_Spindash,
011DA6,Player_SlopeResist,
011DEE,Player_RollRepel,
011E2A,Player_SlopeRepel,
011E8C,Player_JumpAngle,
011EA2,Player_JumpAngleSet,
011EA6,Player_JumpFlip,
011EB2,Player_JumpRightFlip,
011ECA,Player_JumpLeftFlip,
011EE6,Player_JumpFlipSet,
011EEC,SonicKnux_DoLevelCollision,
012006,ChooseChkFloorEdge,
012012,Player_HitLeftWall,
01202A,Player_HitCeiling,
01209E,Player_HitCeilingAndWalls,
012172,Player_TouchFloor_Check_Spindash,
01217E,Player_TouchFloor,
012232,BubbleShield_Bounce,
012600,Animate_Sonic,
0127C0,Anim_Tumble,
01281E,Anim_TumbleLeft,
012CB4,Sonic_Load_PLC,
012CBA,Sonic_Load_PLC2,
012D22,Perform_Player_DPLC,
012D36,Animate_SonicKnuckles_2P,
01309A,SonicKnuckles2P_Load_PLC,
013102,Obj_Tails2P,
01365C,Obj_Tails,
0136AE,Tails_Normal,
0136CA,Tails_Init,
013776,Tails_Init_Continued,
0137C4,Tails_Control,
0138FE,Tails_Display,
0139CC,Tails_CPU_Control,
013B26,Tails_Catch_Up_Flying,
013BF8,Tails_FlySwim_Unknown,
0143BA,Tails_Carry_Sonic,
014632,Tails_Water,
014748,Tails_Stand_Path,
0147B8,Tails_Stand_Freespace,
0147E8,Tails_FlyingSwimming,
014822,Tails_Move_FlySwim,
0148AC,Tails_Set_Flying_Animation,
014934,Tails_Spin_Path,
0149A2,Tails_Spin_Freespace,
0149E4,Tails_InputAcceleration_Path,
014D32,Tails_RollSpeed,
014E78,Tails_InputAcceleration_Freespace,
014F08,Tails_Check_Screen_Boundaries,
014F74,Tails_Roll,
015002,Tails_Jump,
0150DA,Tails_JumpHeight,
01511C,Tails_Test_For_Flight,
0151A4,Tails_Transform,
0151FC,Tails_Spindash,
0153C2,Tails_DoLevelCollision,
01560C,Tails_TouchFloor_Check_Spindash,
015618,Tails_TouchFloor,
015862,Animate_Tails,
015868,Animate_Tails_Part2,
015C3E,Tails_Tail_Load_PLC,
015C6E,Tails_Load_PLC,
015C74,Tails_Load_PLC2,
015CD0,Animate_Tails2P,
015CD6,Animate_Tails_Tail2P,
016022,Tails2P_Tail_Load_PLC,
016050,Tails2P_Load_PLC,
0160A6,Obj_Tails_Tail,
0160D2,Obj_Tails_Tail_Main,
0161FA,Obj_Tails2P_Tail,
0162D8,Obj_MGZ2_BossTransition,
016444,Obj_Knuckles,
01648E,Knuckles_Normal,
0164AA,Knuckles_Init,
016534,Knuckles_Init_Continued,
01656C,Knuckles_Control,
01664A,Knuckles_Display,
0166EE,Knuckles_Water,
0167F4,Knux_Stand_Path,
01684C,Knux_Stand_Freespace,
01687C,Knux_Glide_Freespace,
016890,Knuckles_Glide,
01690E,Knux_Gliding_HitFloor,
01696C,Knuckles_Gliding_HitWall,
016A8E,Knuckles_Fall_From_Glide,
016B06,Knuckles_Sliding,
016BB6,Knuckles_Wall_Climb,
016EBA,Knuckles_ClimbUp,
016ED2,Knuckles_LetGoOfWall,
016EFE,Knuckles_DoLedgeClimbingAnimation,
016F4E,Knuckles_ClimbLedge_Frames_End,GetDistanceFromWall
016F6C,Knuckles_Climb_Ledge,
016FA8,Knuckles_Set_Gliding_Animation,
016FF6,Knuckles_Move_Glide,
0170C2,Knux_Spin_Path,
017118,Knux_Spin_Freespace,
017142,Knux_InputAcceleration_Path,
01753A,Knux_RollSpeed,
017680,Knux_ChgJumpDir,
017710,Knux_Jump,
0177EA,Knux_JumpHeight,
01782E,Knux_Test_For_Glide,
0178CE,Knux_Transform,
01793E,Knux_DoLevelCollision_CheckRet,
017B18,Knux_TouchFloor_Check_Spindash,
017B24,Knux_TouchFloor,
017D30,Animate_Knuckles,
01810E,Knuckles_Load_PLC,
018114,Knuckles_Load_PLC2,
018164,Obj_AirCountdown,
018184,AirCountdown_Init,
0181DC,AirCountdown_Animate,
0181E8,AirCountdown_ChkWater,
01820E,AirCountdown_Wobble,
018254,AirCountdown_Display,
01826C,AirCountdown_Delete,
018272,AirCountdown_AirLeft,
018290,AirCountdown_Display2,
0182B2,AirCountdown_DisplayNumber,
0182D2,AirCountdown_ShowNumber,
01841E,AirCountdown_Load_Art,
018466,AirCountdown_Countdown,
0184FC,AirCountdown_WarnSound,
01850A,AirCountdown_ReduceAir,
0185A4,AirCountdown_MakeItem,
018682,Player_ResetAirTimer,
018756,Obj_S2Shield,
018768,Obj_S2Shield_Init,
01878C,Obj_S2Shield_Main,
0187C4,Obj_S2Shield_Display,
0187D8,Obj_S2Shield_Destroy,
0187F0,Obj_Invincibility,
0188E8,Obj_188E8,
018B3E,Obj_DashDust,
018D6A,DashDust_Load_DPLC,
018D70,SplashDrown_Load_DPLC,
018F86,Obj_DashDust2P,
019156,Obj_SuperSonicKnux_Stars,
0192C0,Obj_SuperSonicKnux_Stars_Timer,
019348,Obj_HyperSonic_Stars,
01937C,Obj_HyperSonic_Stars_Init,
0193CA,Obj_HyperSonic_Stars_Main,
0194CE,Obj_InstaShield,
01952A,Obj_InstaShield_Main,
0195A6,Obj_FireShield,
019602,Obj_FireShield_Main,
019692,Obj_FireShield_DestroyUnderwater,
0196B4,Obj_FireShield_Destroy,
0196C2,Obj_LightningShield,
019732,Obj_LightningShield_Main,
01979A,Obj_LightningShield_Display,
0197C6,Obj_LightningShield_DestroyUnderwater,
0197CC,Obj_LightningShield_Destroy,
0197DA,Obj_LightningShield_FlashWater,
01980C,Obj_LightningShield_CreateSpark,
01980E,Obj_LightningShield_CreateSpark_Part2,
019874,Obj_LightningShield_Spark,
019898,Obj_LightningShield_Spark_Delete,
01989E,Obj_LightningShield_DestroyUnderwater2,
0198BE,Obj_BubbleShield,
019922,Obj_BubbleShield_Main,
01998C,Obj_BubbleShield_Destroy,
01999A,PLCLoad_Shields,
0199BE,PLCLoad_Shields_ReadEntry,
01A170,Obj_SuperTailsBirds,
01A19C,Obj_SuperTailsBirds_Init,
01A1F4,Obj_SuperTailsBirds_Main,
01A276,Obj_SuperTailsBirds_FlyAway,
01A292,Obj_SuperTailsBirds_GetDestination,
01A37A,Obj_SuperTailsBirds_Move,
01A3FE,Obj_SuperTailsBirds_FindTarget,
01A494,Obj_HyperSonicKnux_Trail,
01A4D0,Obj_HyperSonicKnux_Trail_Main,
01A51A,Obj_Ring,
01A532,Obj_RingInit,
01A568,Obj_RingAnimate,
01A572,Obj_RingCollect,
01A584,Obj_RingSparkle,
01A592,Obj_RingDelete,
01A596,GiveRing,
01A5A2,GiveRing_1P,
01A5E8,JmpTo_Play_SFX,
01A5F0,GiveRing_Tails,
01A64A,Obj_Bouncing_Ring,
01A662,Obj_Bouncing_Ring_Reverse_Gravity,
01A84E,Obj_Attracted_Ring,
01A8B0,Obj_Attracted_RingAnimate,
01A900,AttractedRing_GiveRing,
01A938,AttractedRing_Move,
01A954,AttractedRing_MoveRight,
01A95E,AttractedRing_ApplyMovementX,
01A97E,AttractedRing_MoveUp,
01A988,AttractedRing_ApplyMovementY,
01A9EE,Obj_SlotRing,
01AA6E,Init_SpriteTable,
01AAA2,Init_SpriteTable2,
01AABC,Init_SpriteTable_2Player,
01AADA,Process_Sprites,
01AB32,MoveSprite,
01AB52,MoveSprite2,
01AB6C,MoveSprite_TestGravity,
01AB94,MoveSprite_TestGravity2,
01ABB6,Delete_Current_Sprite,
01ABB8,Delete_Referenced_Sprite,
01ABC6,Draw_Sprite,
01ABE8,Animate_Sprite,
01AC88,Animate_SpriteIrregularDelay,
01AD20,Render_Sprites,
01ADE0,Render_Sprites_NextObj,
01ADE6,Render_Sprites_NextLevel,
01B1F4,Render_Sprites_CompetitionMode,
01B588,Sprite_OnScreen_Test,
01B5B0,Sprite_OnScreen_Test2,
01B5D4,Delete_Sprite_If_Not_In_Range,
01B662,Sprite_CheckDeleteTouch3,
01B690,Load_Sprites,
01B69A,Load_Sprites_Index,
01BAE2,CreateNewSprite4,
01BAF2,AllocateObject,
01BAFA,AllocateObjectAfterCurrent,
01BB7E,Clear_SpriteRingMem,
01BBBE,Seek_Object_Manager,
01BC60,Get_LevelSizeStart,
01BFB0,DeformBgLayer,
01C0A8,MoveCameraX,
01C11E,MoveCameraY,
01C238,MoveCameraX_2P,
01C2B0,LoadLevelLoadBlock2,
01C362,Load_Level,
01C38A,Do_ResizeEvents,
01C456,AIZ1_Resize,
01C622,AIZ2_Resize,
01C664,AIZ2_SonicResize1,
01C690,AIZ2_SonicResize2,
01C6DC,AIZ2_SonicResize3,
01C6F6,AIZ2_SonicResize4,
01C746,AIZ2_SonicResize5,
01C760,AIZ2_SonicResize6,
01C77A,AIZ2_SonicResize7,
01C78A,AIZ2_SonicResizeEnd,
01C78C,AIZ2_KnuxResize1,
01C7B8,AIZ2_KnuxResize2,
01C80A,AIZ2_KnuxResize3,
01C81E,AIZ2_KnuxResize4,
01C86A,AIZ2_KnuxResize5,
01C87C,AIZ2_KnuxResizeEnd,
01C87E,HCZ1_Resize,
01C8F6,HCZ2_Resize,
01C91C,MGZ1_Resize,MGZ2_Resize
01C9CA,CNZ1_Resize,CNZ2_Resize / FBZ1_Resize / FBZ2_Resize
01C9CC,ICZ1_Resize,
01CA0E,ICZ2_Resize,
01CA3E,LBZ1_Resize,
01CA40,LBZ2_Resize,
01CAAC,No_Resize,
01CAAE,Resize_MaxYFromX,
01CACC,Draw_LRZ_Special_Rock_Sprites,
01CCAE,Obj_PathSwap,
01D106,Obj_SOZPathSwap,
01D566,Obj_Monitor,
01D57E,Obj_MonitorInit,
01D5DC,Obj_MonitorMain,
01D61E,Obj_MonitorAnimate,
01D63A,Obj_MonitorFall,
01D66C,Obj_MonitorFallUpsideDown,
01D696,SolidObject_Monitor_SonicKnux,
01D6C2,SolidObject_Monitor_Tails,
01D6DC,Monitor_ChkOverEdge,
01D70C,Monitor_CharStandOn,
01D716,Obj_MonitorBreak,
01D746,Obj_MonitorSpawnIcon,
01D7BA,Obj_MonitorContents,
01D890,Monitor_Give_Eggman,
01D898,Monitor_Give_1up,
01D8AC,Monitor_Give_Rings,
01D90A,Monitor_Give_SpeedShoes,
01D954,Monitor_Give_FireShield,
01D992,Monitor_Give_LightningShield,
01D9D0,Monitor_Give_BubbleShield,
01DA0E,Monitor_Give_Invincibility,
01DA60,Monitor_Give_SuperSonic,
01DC56,SolidObjectFull,
01DC74,SolidObjectFull_1P,
01DCB6,SolidObjectFull2,
01DCCC,SolidObjectFull2_1P,
01DE20,SolidObjectFull_Offset,
01DE36,SolidObjectFull_Offset_1P,
01DF90,SolidObject_cont,
01E19C,MvSonicOnPtfm,
01E21E,SolidObjSloped,
01E240,SolidObjSloped2,
01E282,SolidObjSloped4,
01E2A6,SolidObjectTop,
01E2BC,SolidObjectTop_1P,
01E2FE,SolidObjectTopSloped2,
01E314,SolidObjectTopSloped2_1P,
01E356,SolidObjectTopSloped,
01E36C,SolidObjectTopSloped_1P,
01E490,RideObject_SetRide,
01E50E,SolidObjCheckSloped2,
01E546,SolidObjCheckSloped,
01E580,CheckPlayerReleaseFromObj,
01E5E0,Obj_Explosion,
01E68E,Obj_FireShield_Dissipate,
01E78A,Obj_AIZ1Tree,
01E7B6,Obj_AIZ1ZiplinePeg,
01E7E2,Obj_AutoSpin,
01EB36,Obj_S2LavaMarker,
01EC18,Obj_InvisibleBlock,
01ED26,Obj_HCZBreakableBar,
01F202,Obj_HCZWaveSplash,
01F392,Obj_HCZBlock,
01F3EA,Obj_InvisibleShockBlock,
01F3F2,Obj_InvisibleLavaBlock,
01F3F8,Obj_InvisibleHurtBlockHorizontal,
01F5A0,Obj_InvisibleHurtBlockVertical,
01F746,Obj_AIZHollowTree,
01F8B4,AIZTree_FallOff,
01F914,AIZTree_SetPlayerPos,
01F9E0,Obj_AIZLRZEMZRock,
0204FE,Obj_CollapsingPlatform,
020630,Obj_CollapsingBridge,
020B62,Obj_PlatformCollapseWait,
020B74,Obj_PlatformCollapseFall,
020B8C,Obj_PlatformCollapseWaitHandlePlayer,
020BBA,Check_CollapsePlayerRelease,
020C12,CollapsingPtfmHandlePlayerAndSmash,
020C24,ObjPlatformCollapse_CreateFragments,
020C38,ObjPlatformCollapse_SmashObject,
020C5A,GetFragmentsSlotsloop,
020C64,GetFragmentsSpriteProperties,
020C98,FragmentsDrawAndPlaySfx,
02131C,Obj_BreakableWall,
0216B0,BreakObjectToPieces,
0216BE,BreakObjectToPieces2,
0216E2,BreakObjectToPieces_Loop,
0216EC,BreakObjectToPieces_InitObject,
021C6E,Obj_AIZRideVine,
022074,Obj_AIZRideVineHandle,
02237E,Obj_AIZGiantRideVine,
0225D0,Obj_MHZSwingVine,
022D06,Obj_Spring,
022DB0,Spring_Horizontal,
022DEE,Spring_Down,
022E28,Spring_UpDiag,
022E58,Spring_DownDiag,
022E8E,Spring_Up,
022EC4,Spring_Common,
022EF4,Obj_Spring_Up,
022F46,Obj_2PSpring_Up,
023050,Obj_Spring_Horizontal,
0230DE,Obj_2PSpring_Horizontal,
023326,Obj_Spring_Down,
023374,Obj_2PSpring_Down,
023490,Obj_Spring_UpDiag,
0235D2,Obj_Spring_DownDiag,
0239E4,Obj_RetractingSpring,
023B38,Obj_2PRetractingSpring,
023F84,Obj_Spikes,
0245FE,Init_ArtScaling,
024D68,Obj_TwistedRamp,
024E3C,Obj_LBZMovingPlatform,
024F90,Platform_Stationary,
024FC8,Platform_Horizontal64,
024FD4,Platform_Horizontal128,
024FF6,Platform_Vertical64,
025002,Platform_Vertical128,
025024,Platform_DiagonalUp,
02503E,Platform_DiagonalDown,
02505C,Platform_DiagonalLift,
0250AC,Platform_Horizontal256,
025108,Platform_FallingDelayed,
025132,Platform_Falling,
0251AE,Obj_FallingPlatformIntangible,
0251E4,Platform_Rising,
025278,Platform_Square32,
02528A,Platform_Square96,
02529A,Platform_Square160,
0252AA,Platform_Square224,
025368,Obj_LBZUnusedBarPlatform,
025506,Obj_FloatingPlatform,
0256BE,Obj_HCZSnakeBlocks,
02582E,Obj_LRZSolidMovingPlatforms,
025A30,Obj_DEZFloatingPlatform,
025AF6,Obj_LBZUnusedElevator,
025CBE,Obj_LBZExplodingTrigger,
025D54,Obj_MGZDashTrigger,
025F6A,Obj_LBZTriggerBridge,
026130,Obj_LBZPlayerLauncher,
0263D2,Obj_LBZFlameThrower,
026460,Obj_AutoSpin460,
0264C0,Obj_LBZRideGrapple,
02694E,Obj_LBZCupElevator,
026AB2,Obj_LBZCupElevatorMain,
026B12,LBZCupElevator_Action,
026B34,LBZCupElev_WaitEnter,
026B46,LBZCupElev_MoveUp,
026BCE,LBZCupElev_WaitExit1,
026BDA,LBZCupElev_MoveDown,
026C5E,LBZCupElev_WaitExit2,
026C6C,LBZCupElev_Spin1,
026D06,LBZCupElev_Spin2,
026D74,LBZCupElev_Fling1,
026D98,LBZCupElev_Fling2,
026DBC,LBZCupElev_Fling3,
026E54,Obj_LBZElevatorCupFlicker,
026EB4,LBZCupElevator_ReleasePlayer,
026EDA,LBZCupElevator_PlayerControl,
02702E,Obj_LBZCupElevatorBase,
02703E,Obj_LBZCupElevatorAttach,
027096,Obj_LBZCupElevatorPole,
027106,Obj_LBZUnusedTiltingBridge,
0273E4,Obj_LBZPipePlug,
0275F2,PipePlugSmashObject,
027758,Animate_Tiles,
027838,AnimateTiles_NULL,
02783A,AnimateTiles_AIZ1,
02784A,AnimateTiles_AIZ2,
027880,AnimateTiles_HCZ1,
027984,AniHCZ_FixUpperBG,
0279AC,AniHCZ_FixLowerBG,
027A58,AnimateTiles_HCZ2,
027C2C,AnimateTiles_MGZ,
027C36,AnimateTiles_CNZ,
027CCC,AnimateTiles_ICZ,
027E00,AnimateTiles_LBZ1,
027EF0,AnimateTiles_LBZ2,
0280AC,AnimateTiles_MHZ,
0281C8,AnimateTiles_SOZ1,
02825C,AnimateTiles_SOZ2,
0282B4,AnimateTiles_LRZ3,
0282BE,AnimateTiles_LRZ1,
0282C8,AnimateTiles_LRZ2,
0283E2,AnimateTiles_DPZ,
0284C8,AnimateTiles_Gumball,
0284FE,AnimateTiles_Pachinko,
0286E4,AnimateTiles_DoAniPLC,
0286EE,AnimateTiles_DoAniPLC_Part2,
028C7E,AnimateTiles_NULL3,
028C80,Animate_Init,
028DB8,Obj_LBZSpinLauncher,
029020,Obj_LBZLoweringGrapple,
029216,Obj_MGZLBZSmashingPillar,
029338,Obj_LBZGateLaser,
029446,Obj_LBZAlarm,
029518,Obj_LBZUnusedForceFall,
0295C2,Obj_AutomaticTunnelDelayed,
0295D0,Obj_AutomaticTunnel,
029620,Obj_AutoTunnelInit,
0296D4,Obj_AutoTunnelRun,
02978E,Obj_AutoTunnelLastMove,
0297A2,AutoTunnel_GetPath,
029818,AutoTunnel_CalcSpeed,
029896,Obj_TunnelExhaustControl,
02990A,Obj_TunnelExhaustControlMain,
0299C6,Obj_TunnelExhaustUp,
0299F4,Obj_TunnelExhaustDown,
029A24,Obj_TunnelExhaustHorz,
029A54,Obj_TunnelExContinuous,
029ABE,Obj_TunnelExhaustTimed,
029AF8,Obj_TunnelExSmoke,
029C9E,Obj_LBZTubeElevator,
029D4A,Obj_LBZTubeElevatorActive,
029D6A,Obj_LBZTubeElevatorClosed,
029E22,LBZTubeElevator_Action,
029E42,LBZTubeElevator_WaitPlayer,
029EB2,LBZTubeElevator_StartSpin,
029F34,LBZTubeElevator_MovePath,
029FCC,LBZTubeElevator_SlowSpin,
02A018,LBZTubeElevator_WaitExit,
02A07E,LBZTubeElevator_EndSpin,
02A0B0,LBZTubeElevator_Closed,
02A106,LBZTubeElevator_CheckPlayer,
02A252,Obj_AIZDisappearingFloor,
02A3D0,Obj_CorkFloor,
02A94C,Obj_AIZFlippingBridge,
02ACDC,Obj_AIZCollapsingLogBridge,
02B12A,Obj_AIZDrawBridge,
02B586,Obj_AIZFallingLog,
02B758,Obj_AIZSpikedLog,
02B928,Obj_StillSprite,
02BF20,Obj_AnimatedStillSprite,
02C1F0,Obj_AIZForegroundPlant,
02C3AE,Obj_LBZRollingDrum,
02C518,Obj_Button,
02C778,Obj_Animal,
02CCE0,Obj_EnemyScore,
02CD26,Obj_Difficulty_SpawnChickens,
02CD9A,Obj_Difficulty_SpawnSquirrels,
02CE2C,Obj_Difficulty_SpawnRabbits,
02CFA8,Obj_StarPost,
02D176,Save_Level_Data,
02D1CC,Save_Level_Data2,
02D234,Load_Starpost_Settings,
02D5C6,Obj_GameOver,
02D690,Obj_TitleCard,
02D6A6,Obj_TitleCardInit,
02D76A,Obj_TitleCardCreate,
02D804,Obj_TitleCardWait,
02D856,Obj_TitleCardWait2,
02D8E2,Obj_TitleCardRedBanner,
02D92C,Obj_TitleCardName,
02D95C,Obj_TitleCardElement,
02D9A0,Obj_TitleCardAct,
02D9CC,Obj_TitleCardElement2,
02DAD0,Obj_LevelResults,
02DAE6,Obj_LevelResultsInit,
02DBCA,Obj_LevelResultsCreate,
02DC36,Obj_LevelResultsWait,
02DCCA,Obj_LevelResultsWait2,
02DD3E,Obj_LevResultsCharName,
02DD98,Obj_LevResultsGeneral,
02DDA2,Obj_LevelResultsTimeBonus,
02DDAC,Obj_LevelResultsRingBonus,
02DDB6,Obj_LevelResultsTotal,
02DDC6,LevResults_DisplayScore,
02DE04,LevelResults_MoveElement,
02DE50,LevResults_GetDecimalScore,
02DF64,SpecialStage_Results,
02E3B8,Obj_SpecialStage_Results,
02F77C,LoadEnemyArt,
02F938,__LABEL__Plc,Obj_Bubbler
02FDA4,Obj_HCZWaterRush,
02FEF6,Obj_HCZWaterWall,
030580,Obj_HCZCGZFan,
0308FA,Obj_HCZLargeFan,
030AD0,Obj_HCZHandLauncher,
030E24,Obj_Door,
031164,Obj_HCZConveyorBelt,
031502,Obj_HCZConveryorSpike,
031704,Obj_CNZBalloon,
0318A4,Obj_CNZCannon,
031B9E,Obj_CNZRisingPlatform,
031C9E,Obj_CNZTrapDoor,
031D3A,Obj_CNZLightBulb,
031D90,Obj_CNZHoverFan,
031F30,Obj_CNZVacuumTube,
0320F2,Obj_CNZCylinder,
032656,Obj_HCZSpinningColumn,
0328C4,Obj_CNZGiantWheel,
032990,Obj_CNZTriangleBumpers,
032A78,Obj_SinkingMud,
032C6A,Obj_CGZTriangleBumpers,
032DF2,Obj_Bumper,
0330C8,Obj_CNZSpiralTube,
033360,Obj_CNZBarberPoleSprite,
033836,Obj_CNZWireCage,
033C74,Obj_MGZTwistingLoop,
033F84,Obj_MGZSwingingPlatform,
0340CC,Obj_MGZSwingingSpikeBall,
034302,Obj_MGZHeadTrigger,
034574,Obj_MGZTriggerPlatform,
0346E2,Obj_MGZMovingSpikePlatform,
034800,Obj_MGZPulley,
034BF8,Obj_MGZTopPlatform,
03598E,Obj_MGZTopLauncher,
035A7A,Obj_CGZBladePlatform,
035BF8,Obj_BPZElephantBlock,
035D80,Obj_BPZBalloon,
035F3A,Obj_DPZDisolvingSandBar,
0362A2,Obj_DPZButton,
036364,Obj_2PItem,
036BE0,Obj_2PGoalMarker,
0380F8,Obj_EMZDripper,
03827C,Obj_WaterDrop,
0383BC,Obj_HCZWaterSplash,
038688,Obj_TensionBridge,
03907C,Obj_HCZTwistingLoop,
0396E4,Obj_LevelIntroICZ1,
039A40,Obj_LevelIntro_PlayerLaunchFromGround,
039B66,Obj_LevelIntroICZ1Tails,
039C50,Obj_LRZCollapsingBridge,
039F2E,Obj_FBZWireCage,
03A23A,Obj_FBZWireCageStationary,
03A580,Obj_FBZFloatingPlatform,
03A7CC,Obj_FBZChainLink,
03B0E2,Obj_FBZMagneticSpikeBall,
03B2F6,Obj_FBZMagneticPlatform,
03B534,Obj_FBZSnakePlatform,
03B566,Obj_FBZSnakePlatformMain,
03B5CC,Obj_FBZSnakePlatformWait,
03B5D8,Obj_FBZSnakePlatformMove,
03B63A,Obj_FBZSnakePlatformStopRestart,
03B64C,FBZSnake_ChangeDir,
03B6DE,Obj_FBZBentPipe,
03B766,Obj_FBZRotatingPlatform,
03B934,Obj_FBZDEZPlayerLauncher,
03BAB2,Obj_FBZDisappearingPlatform,
03BBEE,Obj_FBZScrewDoor,
03BF56,Obj_FBZSpinningPole,
03C1A6,Obj_FBZPropeller,
03C25C,Obj_FBZPiston,
03C34C,Obj_FBZPlatformBlocks,
03C462,Obj_FBZMissileLauncher,
03C7EC,Obj_FBZWallMissile,
03C946,Obj_FBZMine,
03CA1A,Obj_FBZElevator,
03CB3A,Obj_FBZTrapSpring,
03CC8A,Obj_FBZFlamethrower,
03D090,Obj_FBZSpiderCrane,
03D448,Obj_FBZMagneticPendulum,
03DA00,Obj_MHZ_Pollen_Spawner,
03DBB8,Obj_MHZ_Pollen,
03DC9C,Obj_MHZTwistedVine,
03E018,Obj_MHZMushroomCap,
03E080,Obj_MHZMushroomCap_Main,
03E0DE,MHZMushroomCap_UpdatePosition,
03E172,MHZMushroomCap_BounceCharacter,
03E23E,Obj_MHZPulleyLift,
03E836,Obj_MHZCurledVine,
03EA56,Obj_MHZStickyVine,
03ED1A,Obj_MHZSwingBarHorizontal,
03F05A,Obj_MHZSwingBarVertical,
03F370,Obj_MHZMushroomPlatform,
03F4B0,Obj_MHZMushroomParachute,
03F868,Obj_MHZMushroomCatapult,
03FB90,Obj_Updraft,
03FCD4,Obj_SOZQuicksand,
040276,Obj_SOZSpawningSandBlocks,
04044A,Obj_SOZLoopFallthrough,
040546,Obj_SOZPushableRock,
040572,Load_SOZ_Pushable_Rock_Track_Ride_Info,
040786,Obj_SOZSpringVine,
040B16,Obj_SOZRisingSandWall,
040E5C,Obj_SOZLightSwitch,
041176,Obj_SOZFloatingPillar,
04143C,Obj_SOZSwingingPlatform,
041702,Obj_SOZBreakableSandRock,
04187E,Obj_SOZPushSwitch,
041B70,Obj_SOZDoor,
041CC2,Obj_SOZSandCork,
041F44,Obj_SOZSolidSprites,
041FEE,Obj_LevelIntro_PlayerFallIntoGround,
04224E,Obj_LRZCorkscrew,
04254A,Obj_LRZWallRide,
04279E,Obj_LRZSinkingRock,
04285A,Obj_LRZFallingSpike,
04292A,Obj_LRZDoor,
042A18,Obj_LRZBigDoor,
042BB8,Obj_LRZFireballLauncher,
042CD6,Obj_LRZButtonHorizontal,
042DBE,Obj_LRZShootingTrigger,
042F1A,Obj_LRZDashElevator,
0430EA,Obj_LRZSmashingSpikePlatform,
043502,Obj_LRZSwingingSpikeBall,
043698,Obj_LRZLavaFall,
04379E,Obj_LRZSpikeBall,
043B3A,Obj_LRZOrbitingSpikeBallHorizontal,
043C2C,Obj_LRZOrbitingSpikeBallVertical,
043D68,Obj_LRZFlameThrower,
0440F2,Obj_LRZSolidRock,
04429C,Obj_LRZTurbineSprites,
044826,Obj_LRZSpikeBallLauncher,
044A0C,Obj_LevelIntro_PlayerRun,
044A68,Obj_SSZFloatingPlatform,
044AE0,Obj_SSZCollapsingColumn,
044C44,Obj_SSZCollapsingBridge,
044D60,Obj_SSZCollapsingBridgeDiagonal,
044F52,Obj_SSZCutsceneBridge,
0450A4,Obj_SSZBouncyCloud,
04536C,Obj_SSZElevatorBar,
045528,Obj_SSZHPZTeleporter,
0458B4,Obj_TeleporterBeam,
045916,Obj_TeleporterBeamSpawn,
045992,Obj_TeleporterBeamWait,
0459B4,Obj_TeleporterBeamExpand,
045DAE,Obj_SSZRotatingPlatform,
0460D8,Obj_SSZSwingingCarrier,
046426,Obj_SSZRetractingSpring,
0465D6,Gradual_SwingOffset,
046D9E,Obj_DEZTiltingBridge,
046F84,Obj_DEZHangCarrier,
04719A,Obj_DEZTorpedoLauncher,
047378,Obj_DEZLiftPad,
04763E,Obj_DEZStaircase,
047816,Obj_DEZConveyorBelt,
047892,Obj_DEZLightning,
047966,Obj_DEZConveyorPad,
047E2E,Obj_DEZEnergyBridge,
047EFC,Obj_DEZEnergyBridgeCurved,
04808E,Obj_DEZRetractingSpring,
0481F2,Obj_DEZTunnelLauncher,
048270,Obj_DEZTunnelLauncher_Main,
04831C,Obj_DEZTunnelLauncher_Countdown,
0484B0,Obj_DEZTunnelControl,
0484E8,Obj_DEZTunnelControl_Main,
048532,DEZTunnelControl_Done,
048534,DEZTunnelControl_Setup,
048592,DEZTunnelControl_Normal,
0485AE,DEZTunnelControl_ReadWaypoint,
048624,DEZTunnelControl_NextWaypoint,
048630,DEZTunnelControl_ReleaseSprite,
048638,DEZTunnelControl_MoveSprite,
04865E,DEZTunnelControl_CircleLarge,
04866E,DEZTunnelControl_CircleSmall,
04867C,DEZTunnelControl_DoCircle,
0486C4,DEZTunnelControl_SineDown,
0486D0,DEZTunnelControl_SineUp,
0486DA,DEZTunnelControl_DoSine,
04872C,DEZLightTunnel_LoadPathData,
048762,DEZLightTunnel_SetupWaypoint,
0487B4,DEZLightTunnel_SetupHorizontal,
0487E4,Obj_DEZTransRingSpawner,
0487F0,Obj_DEZTransRingSpawner_Main,
048864,DEZTransRing_SineAnim,
048874,DEZTransRing_NormalAnim,
0488A4,Obj_DEZTransRing,
048AAA,Obj_DEZGravitySwitch,
048C16,Obj_DEZTeleporter,
048EAE,Obj_DEZGravityTube,
0491F4,Obj_DEZGravitySwap,
0492B2,Obj_DEZGravityHub,
04945C,Obj_DEZHoverMachine,
049602,Obj_DEZGravityRoom,
049766,Obj_DEZBumperWall,
0498D2,Obj_DEZGravityPuzzle,
049AAE,Obj_PachinkoTriangleBumper,
049C5E,Obj_PachinkoFlipper,
049EEE,Obj_PachinkoEnergyTrap,
04A09A,Obj_PachinkoInvisibleUnknown,
04A186,Obj_Pachinko_Platform,
04A1E6,Obj_PachinkoItemOrb,
04A2C6,Obj_GumballItem,
04A3DC,Obj_PachinkoMagnetOrb,
04A644,Obj_LRZChainedPlatforms,
04A9A8,Obj_SOZRapelWire,
04B356,Slots_RenderLayout,
04B958,Obj_Sonic_RotatingSlotBonus,
04C374,Obj_SlotSpike,
04C3F0,Slots_CycleOptions,
04C3FC,Slots_CycleOptions_Index,
04C97E,BlueSpheresTitle,
04CEAA,Obj_SpheresTitle_4CEAA,
04D03E,Obj_SpheresTitle_4D03E,
04D2F4,Obj_SpheresTitle_4D2F4,
04D302,Obj_SpheresTitle_4D302,
04D610,Obj_SpheresTitle_4D610,
04D64E,Obj_SpheresTitle_4D64E,
04D986,Obj_SpheresTitle_4D986,
04DA30,Obj_SpheresTitle_4DA30,
04DA7E,BlueSpheresResults,
04DEF8,Obj_SphereResults_4DEF8,
04DF86,Obj_SphereResults_4DF86,
04E012,Obj_Sphere_Results_4E012,
04E0A4,Obj_SphereResults_4E0A4,
04E160,Difficulty_Level_Sprites_Display,
04E1C4,Obj_Difficulty_Sonic,
04E24C,Obj_Difficulty_SuperSonic,
04E264,Obj_Difficulty_Tails,
04E2B8,Obj_Difficulty_Knuckles,
04E35C,LevelSetup,
04E408,ScreenEvents,
04E758,VInt_DrawLevel,
04E76C,VInt_DrawLevel_2,
04E780,VInt_DrawLevel_Col,
04E78A,VInt_DrawLevel_Draw,
04E79E,VInt_DrawLevel_Done,
04E7A4,VInt_DrawLevel_Return,
04E7A6,VInt_VRAMWrite,
04E7C2,SpecialVInt_VRAMRead,
04E7DA,VInt_DrawLevel_Competition,
04E800,SpecialVInt_Function,
04E80E,SpecialVInt_Array,
04E82E,SpecialVInt_VScrollOn,
04E838,SpecialVInt_VScrollCopy,
04E84E,SpecialVInt_VScrollOff,
04E85A,SpecialVInt_LBZ2WindowCopy,
04E8A4,SpecialVInt_LBZ2ScrollAClear,
04E8CC,SpecialVInt_LBZ2ScrollAClear2,
04E8E8,SpecialVInt_LBZ2WindowClear,
04E92A,Draw_TileColumn,
04E96C,Draw_TileColumn2,
04E9AE,Setup_TileColumnDraw,
04EAB8,Get_LevelChunkColumn,
04EAD8,Draw_TileRow,
04EB22,Draw_TileRow2,
04EB6C,Setup_TileRowDraw,
04EC48,Get_LevelAddrChunkRow,
04EC54,Get_ChunkRow,
04EC6A,Setup_TileRowDraw_Competition,
04ECCE,Refresh_PlaneFull,
04ECEC,Refresh_PlaneTileDeform,
04ED18,Refresh_PlaneDirectVScroll,
04ED44,Refresh_PlaneFull_Competition,
04ED5E,Refresh_PlaneFullDirect,
04ED62,Refresh_PlaneScreenDirect,
04ED64,Refresh_PlaneDirect2,
04ED6C,Refresh_PlaneDirect,
04ED90,DrawTilesAsYouMove,
04EDB4,DrawBGAsYouMove,
04EDF6,Draw_BG,
04EE20,Draw_BGNoVert,
04EE84,Get_DeformDrawPosVert,
04EE9E,DrawTilesVDeform,
04EEBC,DrawTilesVDeform2,
04EF3C,Get_XDeformRange,
04EF56,Draw_PlaneVertBottomUp,
04EF64,Draw_PlaneVertSingleBottomUp,
04EF90,Draw_PlaneVertTopDown,
04EFBC,Draw_PlaneHorzRightToLeft,
04EFF6,Draw_PlaneHorzLeftToRight,
04F030,Draw_PlaneVertBottomUpComplex,
04F072,PlainDeformation,
04F094,PlainDeformation_Flipped,
04F0B6,MakeFGDeformArray,
04F0CE,ApplyDeformation,
04F0D2,ApplyDeformation3,
04F0DE,ApplyDeformation2,
04F15A,ApplyFGDeformation,
04F16A,ApplyFGDeformation2,
04F1F0,ApplyFGandBGDeformation,
04F28C,Apply_FGVScroll,
04F2DA,Reset_TileOffsetPositionActual,
04F2F6,Reset_TileOffsetPositionEff,
04F314,Update_CameraPositionP2,
04F322,Update_VScrollValueP2,
04F33C,SpecialEvents,
04F368,Adjust_BGDuringLoop,
04F386,Get_BGActualEffectiveDiff,
04F3A0,Offset_SomeObjectsDuringTransition,
04F3B0,Offset_ObjectsDuringTransition,
04F3D4,ShakeScreen_Setup,
04F40C,ShakeScreen_BG,
04F8F8,Clear_Switches,
04F906,AIZ1_ScreenInit,
04F912,AIZ1_ScreenEvent,
04F9C0,AIZ1SE_ChangeChunk1,
04F9D4,AIZ1SE_ChangeChunk2,
04F9E6,AIZ1SE_ChangeChunk3,
04F9F8,AIZ1SE_ChangeChunk4,
04FA0C,Obj_AIZ1TreeRevealControl,
04FA42,Adjust_AIZ1Chunks,
04FA4C,Adjust_AIZ1Chunks2,
04FAEC,AIZ1_BackgroundInit,
04FB48,AIZ1_BackgroundEvent,
04FB50,AIZ1_BackgroundEvent_Index,
04FB68,AIZ1BGE_Intro,
04FBCA,AIZ1BGE_NormalRefresh,
04FBEA,AIZ1BGE_Normal,
04FC0E,AIZ1_AIZ2_Transition,
04FC46,AIZ1BGE_FireTransition,
04FD2C,AIZ1BGE_FireRefresh,
04FD5C,AIZ1BGE_Finish,
04FE38,Obj_AIZTransitionFloor,
04FE68,Adjust_AIZ2Layout,
04FF0A,AIZ2_ScreenInit,
04FF16,AIZ2_ScreenEvent,
04FF26,AIZ2_ScreenEvent_Index,
04FF3A,AIZ2SE_Normal,
04FF74,AIZ2SE_ShipRefresh,
04FFD4,AIZ2SE_ShipDraw,
05001C,AIZ2SE_EndRefresh,
050052,AIZ2SE_End,
050056,HInt6,
05007A,AIZ2_BackgroundInit,
0500B6,AIZ2_BackgroundEvent,
0500D2,AIZ2_BackgroundEvent_Index,
0500EA,AIZ2BGE_FireRedraw,
05011E,AIZ2BGE_WaitFire,
0501FE,AIZ2BGE_BGRedraw,
050216,AIZ2BGE_Normal,
05027A,AIZ2BGE_ShipRefresh,
050292,AIZ2BGE_ShipMove,
0502C6,AIZ2_DoShipLoop,
05034A,Obj_AIZBattleship,
050390,Obj_AIZBattleshipMain,
050426,Obj_BattleshipPropeller,
050458,Obj_BattleshipPropellerMain,
05047C,Obj_AIZShipBomb,
0504B4,Obj_AIZShipBombMain,
0504BE,AIZShipBomb_Index,
0504CA,AIZShipBomb_ReadyDrop,
0504DC,AIZShipBomb_Delay,
0504F8,AIZShipBomb_Drop,
05057A,Translate_Camera2ObjPosition,
050586,Translate_Camera2ObjX,
0505A4,Obj_AIZBombExplosion,
0505DC,Obj_AIZBombExplosionAnim,
050614,Obj_AIZ2MakeTree,
050664,Obj_AIZ2BGTree,
05068A,Obj_AIZ2BGTreeMove,
0506BE,Obj_AIZ2BossSmall,
050700,Obj_AIZ2BossSmallMain,
050B7E,HCZ1_ScreenInit,
050B8A,HCZ1_ScreenEvent,
050B8E,HCZ1_BackgroundInit,
050BBE,HCZ1_BackgroundEvent,
050BC6,HCZ1_BackgroundEvent_Index,
050BCE,HCZ1BGE_Normal,
050C4C,HCZ1BGE_DoTransition,
050CFE,HCZ1_Deform,
050E88,HCZ2_ScreenInit,
050E90,HCZ2_ScreenEvent,
050E9C,HCZ2_BackgroundInit,
050EF2,HCZ2_BackgroundEvent,
050EFA,HCZ2_BackgroundEvent_Index,
050F0E,HCZ2BGE_WallMoveInit,
050F20,HCZ2BGE_WallMove,
050F86,HCZ2BGE_NormalTransition,
050FB4,HCZ2BGE_NormalRefresh,
050FCA,HCZ2BGE_Normal,
050FF0,HCZ2_WallMove,
051070,HCZ2_Deform,
0510DA,Obj_HCZ2Wall,
051118,MGZ1_ScreenInit,
051124,MGZ1_ScreenEvent,
051134,MGZ1_BackgroundInit,
051150,MGZ1_BackgroundEvent,
051158,MGZ1_BackgroundEvent_Index,
051160,MGZ1BGE_Normal,
0511C8,MGZ1BGE_Transition,
05127C,Do_ShakeSound,
0512A6,MGZ2_ScreenInit,
0512BE,MGZ2_ScreenEvent,
0512DC,MGZ2_ScreenEvent_Index,
0512E8,MGZ2SE_Normal,
05130C,MGZ2SE_Collapse,
05132C,MGZ2SE_MoveBG,
05134C,MGZ2_LevelCollapse,
0514AA,MGZ2_QuakeEvent,
0514E8,MGZ2_QuakeEvent_Index,
051504,MGZ2_QuakeEventCheck,
051560,MGZ2_QuakeEvent1,
0515A4,MGZ2_QuakeEvent2,
05160E,MGZ2_QuakeEvent3,
051672,MGZ2_QuakeEvent1Cont,
05167C,MGZ2_QuakeEvent2Cont,
051698,MGZ2_QuakeEvent3Cont,
0516B4,MGZ2_ChunkEvent,
0516BC,MGZ2_ChunkEvent_Index,
0516D2,MGZ2_ChunkEventCheck,
05172A,MGZ2_ChunkEvent1,
051748,MGZ2_ChunkEvent2_3,
0517C4,MGZ2_ChunkEventReset,
0517D6,MGZ2_ModifyChunk,
05180A,Obj_MGZ2LevelCollapseSolid,
051842,MGZ2_BackgroundInit,
0518F8,MGZ2_BackgroundEvent,
051900,MGZ2_BackgroundEvent_Index,
05190C,MGZ2BGE_GoRefresh,
05191A,MGZ2BGE_Normal,
05198E,MGZ2BGE_Refresh,
0519B2,MGZ2_ClearBottomBG,
0519C4,MGZ2_BGEventTrigger,
0519DC,MGZ2_BGEventTrigger_Index,
051ABC,Obj_MGZ2BGMoveKnux,
051AD0,Obj_MGZ2BGMoveSonic,
051B94,CNZ1_ScreenInit,
051B9C,CNZ1_ScreenEvent,
051C6C,CNZ1_BackgroundInit,
051C86,CNZ1_BackgroundEvent,
051C8E,CNZ1_BackgroundEvent_Index,
051CAA,CNZ1BGE_Normal,
051D1A,CNZ1BGE_BossStart,
051D2E,CNZ1BGE_Boss,
051D50,CNZ1BGE_AfterBoss,
051D82,CNZ1BGE_FGRefresh,
051E12,CNZ1BGE_FGRefresh2,
051E60,CNZ1BGE_DoTransition,
051F34,CNZ1_Deform,
051FA4,CNZ1_BossLevelScroll,
051FB0,CNZ1_BossLevelScroll2,
051FCE,Obj_CNZMinibossScrollControl,
051FD8,CNZMinibossScrollControl_Index,
051FF0,Obj_CNZMinibossScrollInit,
052020,Obj_CNZMinibossScrollMain,
05204A,Obj_CNZMinibossScrollWait,
052066,Obj_CNZMinibossScrollSlow,
052086,Obj_CNZMinibossScrollWait2,
0520CC,Obj_CNZMinibossScrollWait3,
0520E8,CNZ1_ScrollToYStart,
052108,CNZ2_ScreenInit,
052110,CNZ2_ScreenEvent,
05214E,CNZ2_ScreenEvent_Index,
052200,CNZ2SE_Normal,
052204,CNZ2_BackgroundInit,
052224,CNZ2_BackgroundEvent,
05222C,CNZ2_BackgroundEvent_Index,
0522A0,Obj_CNZTeleporter,
052300,Obj_CNZTeleporterMain,
0523EC,FBZ1_ScreenInit,
052424,FBZ1_ScreenEvent,
052442,FBZ1_ScreenEvent_Index,
05245E,FBZ1SE_Normal,
052486,FBZ1SE_LayoutMod1,
052522,FBZ1SE_LayoutMod2,
0525CC,FBZ1SE_LayoutMod3,
052672,FBZ1SE_LayoutMod4,
05272A,FBZ1SE_LayoutMod5,
0527C2,FBZ1SE_LayoutMod6,
052810,FBZ1Screen_CheckInRange,
05285C,FBZ1_BackgroundInit,
0528BE,FBZ1_BackgroundEvent,
0528C6,FBZ1_BackgroundEvent_Index,
0528DA,FBZ1BGE_ChangeTopDown,
052900,FBZ1BGE_ChangeBottomUp,
052926,FBZ1BGE_ChangeLeftRight,
05294C,FBZ1BGE_ChangeRightLeft,
052972,FBZ1BGE_Normal,
0529FC,FBZ1BGE_GoDeform,
052A2A,FBZ_Deform,
052AB2,FBZ1_CheckBGChange,
052AC2,FBZ1_CheckBGChange_Index,
052ADE,FBZ1_BGChange1,
052B30,FBZ1_BGChange2,
052B82,FBZ1_BGChange3,
052BD4,FBZ1_BGChange4,
052C74,FBZ1_BGChange5,
052CA2,FBZ1_BGChange6,
052CCE,FBZ_BGChangeGoOut,
052CD4,FBZ_BGChangeGoIn,
052D10,Obj_FBZOutdoorBGMotion,
052DE0,FBZ2_ScreenInit,
052E34,FBZ2_ScreenEvent,
052E44,FBZ2_ScreenEvent_Index,
052E54,FBZ2SE_Normal,
052E7A,FBZ2_NoLayoutMod,
052EAE,FBZ2_LayoutMod1,
052F14,FBZ2SE_BossEvent,
052F1C,FBZ2SE_BossEventRefresh,
052F30,FBZ2SE_BossEventEnd,
052F32,SetUp_FBZ2BossEvent,
052FA8,FBZ2_BackgroundInit,
05301C,FBZ2_BackgroundEvent,
053024,FBZ2_BackgroundEvent_Index,
053038,FBZ2BGE_ChangeTopDown,
05305C,FBZ2BGE_ChangeBottomUp,
053080,FBZ2BGE_Init,
053096,FBZ2BGE_Normal,
0530EC,FBZ2BGE_BossEvent,
05318C,FBZ2_CloudDeform,
053234,FBZ2_CheckBGChange,
053244,FBZ2_CheckBGChange_Index,
0532B6,Obj_FBZEndBossEventControl,
0533CE,Obj_FBZBossPillar,
053400,Obj_FBZBossPillarMain,
0534A2,FBZBossPillar_CheckPlayerPos,
0534C6,Obj_FBZCloud,
053608,ICZ1_ScreenInit,
053662,ICZ1_ScreenEvent,
05366A,ICZ1_ScreenEvent_Index,
053682,ICZ1SE_Init,
0536A0,ICZ1SE_WaitQuake,
0536A8,ICZ1SE_Normal,
0536AC,ICZ1_BackgroundInit,
053724,ICZ1_BackgroundEvent,
05372C,ICZ1_BackgroundEvent_Index,
053744,ICZ1BGE_Intro,
0537A8,ICZ1BGE_SnowFall,
0537DA,ICZ1BGE_Refresh,
05380A,ICZ1BGE_Refresh2,
05382C,ICZ1BGE_Normal,
053886,ICZ1BGE_Transition,
053940,ICZ1_IntroDeform,
0539AC,ICZ1_BigSnowFall,
053A0E,ICZ1_Deform,
053A34,Obj_ICZ1BigSnowPile,
053AD4,Obj_ICZTeleporter,
053BA2,Obj_ICZTeleporterMain,
053BD4,Obj_ICZTeleporterCheckDel,
053CC4,ICZ2_ScreenInit,
053CCC,ICZ2_ScreenEvent,
053CD0,ICZ2_BackgroundInit,
053D54,ICZ2_BackgroundEvent,
053D5C,ICZ2_BackgroundEvent_Index,
053D68,ICZ2BGE_FromICZ1,
053D78,ICZ2BGE_Normal,
053E5C,ICZ2BGE_Refresh,
053E96,LBZ1_ScreenInit,
053F22,LBZ1_ScreenEvent,
053FAE,LBZ1_LayoutExitMod1,
053FBA,LBZ1_LayoutExitMod2,
053FC8,LBZ1_LayoutExitMod3,
053FD4,LBZ1_LayoutExitMod4,
053FF8,LBZ1_EventVScroll,
0540D0,LBZ1_ModEndingLayout,
05410C,LBZ1_KnuxLevelSizeAdjust,
054146,LBZ1_RotateChunks,
054164,Obj_LBZ1InvisibleBarrier,
05419C,LBZ1_BackgroundInit,
0541F0,LBZ1_BackgroundEvent,
0541F8,LBZ1_BackgroundEvent_Index,
054200,LBZ1BGE_Normal,
05427C,LBZ1BGE_DoTransition,
054348,LBZ2_ScreenInit,
05436C,LBZ2_ScreenEvent,
05437C,LBZ2_ScreenEvent_Index,
054384,LBZ2SE_FromTransition,
0543A2,LBZ2_LayoutMod,
0543C8,LBZ2SE_Normal,
0543CC,Adjust_LBZ2Layout,
05440E,LBZ2_BackgroundInit,
054444,LBZ2_BackgroundEvent,
05444C,LBZ2_BackgroundEvent_Index,
054464,LBZ2BGE_FromTransition,
054484,LBZ2BGE_Refresh,
05449A,LBZ2BGE_Normal,
054508,LBZ2BGE_DeathEgg,
05455E,LBZ2BGE_PlatformDetach,
0545C4,LBZ2BGE_Falling,
054608,LBZ2_Deform,
05480C,LBZ2_DeathEggDeform,
0549C6,LBZ2_DeathEggMoveScreen,
054A94,LBZ2_EndFallingAccel,
054AB6,MHZ1_ScreenInit,
054B20,MHZ1_ScreenEvent,
054BA4,MHZ1_BackgroundInit,
054BC2,MHZ1_BackgroundEvent,
054C68,MHZ_Deform,
054D30,MHZ2_ScreenInit,
054D8C,MHZ2_ScreenEvent,
054D9C,MHZ2_ScreenEvent_Index,
055170,MHZ2_BackgroundInit,
0551AA,MHZ2_BackgroundEvent,
0551C6,MHZ2_BackgroundEvent_Index,
055A44,SOZ1_ScreenInit,
055A4C,SOZ1_ScreenEvent,
055A58,SOZ1_BackgroundInit,
055A7A,SOZ1_BackgroundEvent,
055A82,SOZ1_BackgroundEvent_Index,
05618C,SOZ2_ScreenInit,
0561BC,SOZ2_ScreenEvent,
0561CC,SOZ2_ScreenEvent_Index,
056268,SOZ2_BackgroundInit,
056294,SOZ2_BackgroundEvent,
05629C,SOZ2_BackgroundEvent_Index,
0569DC,Go_CheckPlayerRelease,
056B04,LRZ1_ScreenInit,
056B10,LRZ1_ScreenEvent,
056B64,LRZ1_BackgroundInit,
056BBA,LRZ1_BackgroundEvent,
056BC2,LRZ1_BackgroundEvent_Index,
056D40,LRZ1_Deform,
056EA0,Obj_56EA0,
056FA6,LRZ2_ScreenInit,
056FB2,LRZ2_ScreenEvent,
056FC0,LRZ2_BackgroundInit,
056FF8,LRZ2_BackgroundEvent,
057000,LRZ2_BackgroundEvent_Index,
0571F6,SSZ1_ScreenInit,
05729E,SSZ1_ScreenEvent,
0572AE,SSZ1_ScreenEvent_Index,
0577FA,SSZ1_BackgroundInit,
057892,SSZ1_BackgroundEvent,
05789A,SSZ1_BackgroundEvent_Index,
057C1E,Obj_57C1E,
057D64,Obj_57D64,
057DCC,Obj_57DCC,
057E34,Obj_57E34,
057E96,Obj_57E96,
0583BE,Obj_583BE,
058A46,SSZ2_ScreenInit,
058AA0,SSZ2_ScreenEvent,
058AB0,SSZ2_ScreenEvent_Index,
058CF4,SSZ2_BackgroundInit,
058D0E,SSZ2_BackgroundEvent,
058D16,SSZ2_BackgroundEvent_Index,
059352,DEZ1_ScreenInit,
05935E,DEZ1_ScreenEvent,
05937E,DEZ1_BackgroundInit,
059398,DEZ1_BackgroundEvent,
0593A0,DEZ1_BackgroundEvent_Index,
05948E,DEZ2_ScreenInit,
0594A0,DEZ2_ScreenEvent,
0594A8,DEZ2_ScreenEvent_Index,
0594FE,DEZ2_BackgroundInit,
05951E,DEZ2_BackgroundEvent,
059526,DEZ2_BackgroundEvent_Index,
05956C,DDZ_ScreenInit,
059594,DDZ_ScreenEvent,
0595A0,DDZ_ScreenEvent_Index,
05968E,DDZ_BackgroundInit,
0596A6,DDZ_BackgroundEvent,
059724,Pachinko_ScreenInit,
059730,Pachinko_ScreenEvent,
059736,Pachinko_BackgroundInit,
05974C,Pachinko_BackgroundEvent,
05975C,Pachinko_BGScroll,
059786,Slots_ScreenInit,
05979A,Slots_ScreenEvent,
0597A2,Slots_ScreenEvent_Index,
05984A,Slots_BackgroundInit,
059868,Slots_BackgroundEvent,
059A7E,LRZ3_ScreenInit,
059B04,LRZ3_ScreenEvent,
059B0C,LRZ3_ScreenEvent_Index,
059BFA,LRZ3_BackgroundInit,
059C44,LRZ3_BackgroundEvent,
059C4C,LRZ3_BackgroundEvent_Index,
059FC4,Obj_59FC4,
05A12E,HPZ_ScreenInit,
05A158,HPZ_ScreenEvent,
05A1A4,HPZ_BackgroundInit,
05A20C,HPZ_BackgroundEvent,
05A214,HPZ_BackgroundEvent_Index,
05A3B4,DEZ3_ScreenInit,
05A482,DEZ3_ScreenEvent,
05A492,DEZ3_ScreenEvent_Index,
05A528,DEZ3_BackgroundInit,
05A544,DEZ3_BackgroundEvent,
05A558,DEZ3_BackgroundEvent_Index,
05A7C8,Obj_5A7C8,
05A872,Obj_5A872,
05A8E6,Obj_5A8E6,
05A922,Obj_5A922,
05A94C,Obj_5A94C,
05AA02,HPZS_ScreenInit,
05AA34,HPZS_ScreenEvent,
05AA42,HPZS_BackgroundInit,
05AA78,HPZS_BackgroundEvent,
05AAA2,Ending_ScreenInit,
05AAF2,Ending_ScreenEvent,
05AAFA,Ending_ScreenEvent_Index,
05AF08,Ending_BackgroundInit,
05AF2A,Ending_BackgroundEvent,
05AF32,Ending_BackgroundEvent_Index,
05C2E0,ContinueScreen,
05C52A,Obj_Continue_SonicWTails,
05C660,Obj_Continue_SonicAlone,
05C718,Obj_Continue_TailsWSonic,
05C9C4,Obj_Continue_EggRobo_5C9C4,
05CA78,Obj_5CA78,
05D868,S3Credits,
05D86A,Obj_5D86A,
05DE60,Obj_5DE60,
05DFEE,Obj_5DFEE,
05E18A,Obj_Ending,
05EA52,Obj_5EA52,
05EB32,Obj_5EB32,
05EBC6,Obj_5EBC6,
05EF68,Obj_5EF68,
05FACE,Obj_Difficulty_SKLogo,
05FB56,Obj_Difficulty_Eggman,
05FDD4,Obj_Ending_RevertSuperSonic,
05FE1E,Create_Continue_Sprite,
05FEA8,KnucklesEnding_Load_PLC,
060C56,Obj_GumballMachine,
060F2E,Obj_GumballTriangleBumper,
06166A,Obj_SSEntryRing,
06169A,SSEntryRing_Init,
0616E6,SSEntryRing_Main,
0617B8,SSEntryRing_Animate,
0617BE,Obj_SSEntryFlash,
0617E0,SSEntryFlash_Init,
061822,SSEntryFlash_Main,
061846,SSEntryFlash_Finished,
06185C,SSEntryFlash_GoSS,
0618E4,SSEntry_CheckLevel,
0618FC,SSEntryRing_Display,
061D4C,Obj_CutsceneKnuckles,
061D92,CutsceneKnux_AIZ1,
061F98,CutsceneKnux_AIZ2,
062112,CutsceneKnux_HCZ2,
062158,CutsceneKnux_Delete,
06229E,CutsceneKnux_CNZ2A,
0624DE,CutsceneKnux_CNZ2B,
062640,CutsceneKnux_LBZ1,
0628AA,CutsceneKnux_LBZ2,
062AC2,Obj_LBZKnuxPillar,
062B3A,CutsceneKnux_MHZ1,
062CA4,Obj_MHZ1CutsceneKnuckles,
062E28,Obj_MHZ1CutsceneButton,
0630E0,CutsceneKnux_MHZ2,
063446,CutsceneKnux_SKIntro,
063682,Obj_SkipIntro,
063A6A,CutsceneKnux_LRZ2,
063B22,Obj_LRZ2CutsceneKnuckles,
063CFC,CutsceneKnux_HPZ,
0656A8,Obj_HPZPaletteControl,
0656DA,CutsceneKnux_SSZ,
0659B6,Obj_SSZCutsceneButton,
065BD4,Obj_CutsceneButton,
065D16,Obj_CNZWaterLevelCorkFloor,
065D6E,Obj_CNZWaterLevelButton,
06602A,MoveSprite_SSZBGAdjust,
06618A,Knuckles_Load_PLC_6618A,
0661E0,Knuckles_Load_PLC_661E0,
067472,Obj_AIZPlaneIntro,
067ACA,Obj_RobotnikHead,
067AEA,Obj_RobotnikHeadInit,
067B34,Obj_RobotnikHeadMain,
067B64,Obj_RobotnikHeadEnd,
067B66,Obj_RobotnikHead2,
067B96,Obj_FBZRobotnikHead,
067BBC,Obj_FBZRobotnikHeadInit,
067BE6,Obj_FBZRobotnikHeadMain,
067C38,Obj_RobotnikHead3,
067C58,Obj_RobotnikHead3Init,
067C8A,Obj_RobotnikHead3Main,
067CBA,Obj_RobotnikHead3End,
067CD2,Obj_RobotnikHead4,
067D0A,Obj_MechaSonicHead,
067D2A,Obj_MechaSonicHeadMain,
067D42,Obj_RobotnikShip,
067E28,Obj_RobotnikShip2,
067E46,Obj_RobotnikShip2Wait,
067E62,Obj_RobotnikShip3,
067E92,Obj_RobotnikShipInit,
067EB4,Obj_RobotnikShipMain,
067EE4,Obj_RobotnikShipWait,
067F04,Obj_RobotnikShipReady,
067F3E,Obj_RobotnikShipEscape,
067F5C,Obj_RobotnikShip4,
067F7A,Obj_FBZRobotnikShip,
067F9A,Obj_FBZRobotnikShipInit,
067FB6,Obj_FBZRobotnikShipMain,
067FEC,Obj_FBZRobotnikShipWait,
06802A,Obj_FBZRobotnikShipFall,
068036,Obj_FBZRobotnikShipReadyGo,
068044,Obj_FBZRobotnikShipRise,
068062,Obj_RobotnikShipFlame,
068074,Obj_RobotnikShipFlameMain,
0680A4,Obj_Difficulty_Ship,
0680FE,Obj_Difficulty_ShipHead,
0684EC,Obj_AIZMinibossCutscene,
0685E2,Swing_Setup1,
0688F4,Obj_AIZMiniboss_Flame,
068A24,Obj_AIZMiniboss,
0691A8,Obj_AIZEndBoss,
0691C8,Obj_AIZEndBossWait,
069228,Obj_AIZEndBossMusic,
06923E,Obj_AIZEndBossMain,
06926C,Obj_AIZEndBossInit,
069B2E,Child_SyncDraw,
069EA0,Obj_HCZMiniboss,
069F7A,Obj_HCZ_MinibossLoop,
06A2BA,Obj_HCZMiniboss_Rockets,
06A4A8,Obj_HCZMiniboss_Engine,
06AEB6,Obj_HCZEndBoss,
06BF2A,Obj_MGZ2DrillingRobotnik,
06BF82,Obj_MGZ2DrillingRobotnikGo,
06BF98,Obj_MGZ2DrillingRobotnikStart,
06C31A,Obj_MGZEndBoss,
06C698,Obj_MGZEndBossKnux,
06D5A4,MGZ2_SpecialCheckHit,
06D67E,MGZ2_BossPalAdjust,
06D99C,Obj_CNZMiniboss,
06DA00,Obj_CNZMinibossGo,
06DA24,Obj_CNZMinibossStart,
06DA5A,Obj_CNZMinibossInit,
06DA94,Obj_CNZMinibossLower,
06DAA0,Obj_CNZMinibossGo2,
06DAC2,Obj_CNZMinibossMove,
06DAD4,Obj_CNZMinibossGo3,
06DAE0,Obj_CNZMinibossCloseGo,
06DB0E,Obj_CNZMinibossChangeDir,
06DB1A,Obj_CNZMinibossOpening,
06DB20,Obj_CNZMinibossOpenGo,
06DB44,Obj_CNZMinibossWaitHit,
06DB6C,Obj_CNZMinibossClosing,
06DB72,Obj_CNZMinibossLower2,
06DB86,Obj_CNZMinibossEnd,
06DBAE,Obj_CNZMinibossEndGo,
06DBCA,Obj_CNZMinibossTop,
06DBE6,Obj_CNZMinibossTopInit,
06DBFE,Obj_CNZMinibossTopWait,
06DC28,Obj_CNZMinibossTopWait2,
06DC34,Obj_CNZMinibossTopGo,
06DC50,Obj_CNZMinibossTopMain,
06DDF2,CNZMiniboss_BlockExplosion,
06DE26,Obj_CNZMinibossCoil,
06DE40,Obj_CNZMinibossCoilClose,
06DEBC,Obj_CNZMinibossCoilOpen,
06DEF8,Obj_CNZMinibossTimedSparks,
06DF34,Obj_CNZMinibossTimedSparksGo,
06DF4A,Obj_CNZMinibossTimedSparksMain,
06DF62,Obj_CNZMinibossSparks,
06DF94,Obj_CNZMinibossSparksMain,
06DFB4,Obj_CNZMinibossBounceEffect,
06DFF0,Obj_CNZMinibossDebris,
06E03E,SetUp_CNZMinibossSwing,
06E058,CNZMiniboss_CheckPlayerHit,
06E0B0,CNZMiniboss_CheckTopHit,
06E0FA,CNZMiniboss_BossDefeated,
06E128,CNZMiniboss_BossFlash,
06E164,CNZMiniboss_MakeTimedSparks,
06E178,CNZMiniboss_MoveDown,
06E19A,CNZMinibossTop_CheckPlayerBounce,
06E214,CNZMinibossTop_CheckHitBase,
06E47E,Obj_CNZEndBoss,
06EE68,Obj_FBZMiniboss,
06FD0C,Obj_FBZ2Subboss,
06FEB2,PLCKosM_FBZ2Subboss_End,
0705EA,Obj_FBZEndBoss,
070C2C,Obj_FBZExitDoor,
071162,Obj_ICZMiniboss,
071BCE,Obj_ICZEndBoss,
0723E0,Obj_LBZMiniboss,
0729BA,Obj_LBZFinalBoss1,
072FFA,Obj_LBZFinalBossKnux,
0738D6,Obj_LBZEndBoss,
074262,Obj_LBZFinalBoss2,
0751CA,Obj_MHZMiniboss,
075A84,Obj_MHZMinibossTree,
075F50,Obj_MHZEndBoss,
076A12,Obj_SOZMiniboss,
07764E,Obj_SOZEndBoss,
0784F0,Obj_LRZMiniboss,
078F56,Obj_LRZ3Autoscroll,
079786,Obj_LRZEndBoss,
079C52,Obj_LRZ3Platform,
079C5E,LRZ3Platform_Index,
07A20E,Obj_SSZGHZBoss,
07A6A6,Obj_SSZMTZBoss,
07B12E,Boss_MoveObject,
07B288,Obj_SSZEndBoss,
07BD4C,Obj_SSZ2_Boss,
07C948,Obj_MechaSonic_Sparks,
07CA1C,Obj_KnuxFinalBossCrane,
07CFA4,Obj_Difficulty_MechaSonic,
07CFC6,Difficulty_MechaSonic_Init,
07CFEE,Difficulty_MechaSonic_Return,
07CFF0,Obj_Difficulty_MasterEmerald,
07DDB4,Obj_DEZMiniboss,
07F06C,Obj_DEZEndBoss,
07FD68,Obj_DEZ3_Boss,
080940,Obj_DEZ3_Boss_Fireball,
0817DA,Obj_DDZEndBoss,
081FEE,Obj_DDZMissile,
0821DE,Obj_DDZAsteroid,
0836E0,Obj_HiddenMonitor,
083708,Obj_HiddenMonitorMain,
0837B2,Obj_EndSign,
0837D8,Obj_EndSignInit,
083832,Obj_EndSignFall,
0838C2,Obj_EndSignLanded,
083912,Obj_EndSignResults,
083938,Obj_EndSignAfter,
0839A2,Obj_SignpostSparkle,
0839EA,Obj_SignpostSparkleMain,
083A24,Obj_SignpostStub,
083A40,Obj_SignpostStubMain,
083A50,EndSign_CheckPlayerHit,
083AC6,EndSign_CheckWall,
083C06,AfterBoss_Cleanup,
083C7C,AfterBoss_AIZ1,
083C90,AfterBoss_AIZ2,
083CA6,AfterBoss_HCZ,
083CA8,AfterBoss_MGZ,
083CB2,AfterBoss_CNZ,AfterBoss_FBZ / AfterBoss_ICZ1
083CB4,AfterBoss_ICZ2,
083CC0,AfterBoss_LBZ,AfterBoss_MHZ
083CCC,AfterBoss_None,
083D84,Obj_CreateBossExplosion,
083E4C,Obj_WaitForParent,
083E70,Obj_BossExpControl1,
083EC6,Obj_NormalExpControl,
083EEC,Obj_BossExpControl2,
083F06,Obj_BossExpControlOff,
083F22,Obj_BossExplosionSpecial,
083F4A,Obj_BossExplosion1,
083F68,Obj_BossExplosionAnim,
083F76,Obj_BossExplosion2,
083F80,Obj_BossExplosionOffset,
083F9E,Obj_BossExplosionOffsetAnim,
084038,SetUp_ObjAttributes,
08403C,SetUp_ObjAttributes2,
084040,SetUp_ObjAttributes3,
084060,CreateChild1_Normal,
0840B0,CreateChild2_Complex,
084114,CreateChild3_NormalRepeated,
084166,CreateChild4_LinkListRepeated,
0841A6,CreateChild5_ComplexAdjusted,
084220,CreateChild6_Simple,
084258,CreateChild7_Normal2,
0842A8,CreateChild8_TreeListRepeated,
0842E8,CreateChild9_TreeList,
084328,CreateChild10_NormalAdjusted,
084388,Refresh_ChildPosition,
0843AE,Refresh_ChildPositionAdjusted,
084400,Animate_Raw,
084404,Animate_RawNoSST,
084440,AnimateRaw_Jump,
08444E,AnimateRaw_Restart,
08445A,AnimateRaw_CustomCode,
084464,Animate_RawAdjustFlipX,
084498,Animate_RawAdjustFlipY,
0844CE,Animate_ExternalPlayerSprite,
08450E,Animate_RawCheckResult,
084512,Animate_RawNoSSTCheckResult,
084580,Set_Raw_Animation,
08458E,Stop_Object,
08459C,Animate_RawMultiDelay,
0845A0,Animate_RawNoSSTMultiDelay,
08460E,Animate_RawMultiDelayFlipX,
084612,Animate_RawNoSSTMultiDelayFlipX,
08464A,Animate_RawMultiDelayFlipY,
084688,Animate_Raw2MultiDelay,
08468C,Animate_Raw2NoSSTMultiDelay,
084700,Animate_RawGetFaster,
084780,Animate_RawGetSlower,
0847E6,Swing_UpAndDown,
08482A,Swing_LeftAndRight,
08486E,Swing_UpAndDown_Count,
08488A,Obj_Wait,
084898,ObjHitFloor_DoRoutine,
0848B6,ObjHitFloor2_DoRoutine,
0848E8,ObjHitWall_DoRoutine,
0848FE,ObjHitWall2_DoRoutine,
084914,Draw_And_Touch_Sprite,
084920,Child_Draw_Sprite,
084934,Child_DrawTouch_Sprite,
08494E,Child_CheckParent,
08495E,Child_AddToTouchList,
084972,Child_Remember_Draw_Sprite,
08498C,Child_Draw_Sprite2,
0849A2,Child_DrawTouch_Sprite2,
0849C6,Child_Draw_Sprite_FlickerMove,
0849F2,Child_Draw_Sprite2_FlickerMove,
084A04,Child_DrawTouch_Sprite_FlickerMove,
084A1C,Child_DrawTouch_Sprite2_FlickerMove,
084A48,Obj_IncLevEndXGradual,
084A76,Obj_DecLevStartXGradual,
084AA4,Obj_DecLevStartYGradual,
084AD2,Obj_IncLevEndYGradual,
084B18,Find_SonicTails,
084B5C,Change_FlipX,
084B6E,Change_FlipXWithVelocity,
084B82,Change_FlipXUseParent,
084B9C,Find_OtherObject,
084BC0,MoveSprite_LightGravity,
084BC2,MoveSprite_CustomGravity,
084BE0,MoveSprite_NormGravity,
084C00,MoveSprite_Circular,
084C42,MoveSprite_CircularSimple,
084C72,MoveSprite_CircularSimpleCheckFlip,
084CAC,MoveSprite_CircularSimpleOffset,
084CF4,MoveSprite_AtAngleLookup,
084D38,AtAngle_00_3F,
084D46,AtAngle_40_7F,
084D56,AtAngle_80_BF,
084D68,AtAngle_C0_FF,
084D78,MoveSprite_CircularLookup,
084DDC,MoveSprite_AngleYLookup,
084E3A,MoveSprite_AngleXLookupOffset,
084F5A,MoveDraw_SpriteTimed,
084F6E,MoveDraw_SpriteTimed2,
084F80,TimedSprite_ScreenLock,
084F92,BossFlash,
084FA4,SetUp_ObjAttributesSlotted,
085022,Perform_DPLC,
085070,Sprite_CheckDelete,
0850A2,Sprite_CheckDelete2,
0850D4,Sprite_CheckDeleteXY,
085102,Obj_FlickerMove,
085140,Sprite_CheckDeleteTouch,
085160,Sprite_CheckDeleteTouch2,
085180,Sprite_CheckDeleteTouchXY,
0851B4,Sprite_CheckDeleteSlotted,
0851CC,Go_Delete_SpriteSlotted,
0851D8,Go_Delete_SpriteSlotted2,
0851E4,Remove_From_TrackingSlot,
085208,Sprite_CheckDeleteTouchSlotted,
08522C,Go_Delete_SpriteSlotted3,
0852A0,Go_Delete_Sprite,
0852AE,Go_Delete_Sprite_2,
0852BC,Go_Delete_Sprite_3,
0852D0,Set_IndexedVelocity,
08538C,Find_SonicTails8Way,
085416,Set_VelocityXTrackSonic,
085436,Chase_Object,
08548E,Chase_ObjectXOnly,
0854BA,Chase_ObjectYOnly,
08554E,Obj_FadeSelectedToBlack,
085590,DecColor_Obj,
0855B2,Obj_FadeSelectedFromBlack,
0855F8,IncColor_Obj,
08562C,MoveFall_AnimateRaw,
085636,Move_AnimateRaw,
085640,MoveSlowFall_AnimateRaw,
08564C,Move_AnimateRaw_Wait,
08565A,Refresh_ChildPosWait,
08565E,Wait_Draw,
085668,Wait_FadeToLevelMusic,
085694,Wait_NewDelay,
0856B2,MoveWaitTouch,
0856C4,AnimateRaw_DrawTouch,
0856CC,AnimateRaw_MoveChkDel,
0856D0,MoveChkDel,
0856DE,MoveTouchChkDel,
0856E8,Move_WaitNoFall,
0856F2,Swing_MoveWaitNoFall,
085732,EnemyDefeated,
085760,EnemyDefeat_Score,
0857B4,HurtCharacter_Directly,
0857C2,Check_PlayerAttack,
0857F0,Check_SonicAttack,
0857F4,Check_TailsAttack,
085826,Check_KnuxAttack,
085838,Check_LRControllerShake,
085870,Check_PlayerCollision,
085898,Check_InTheirRange,
0858C8,Check_InMyRange,
0858F8,Check_PlayerInRange,
085940,PalLoad_Line1,
08594E,Displace_PlayerOffObject,
08598A,Run_PalRotationScript,
085A1A,Run_PalRotationScript2,
085A5A,Child_GetPriority,
085A7A,Child_GetPriorityOnce,
085A90,CopyWordData_7,
085A94,CopyWordData_6,
085A98,CopyWordData_5,
085A9C,CopyWordData_4,
085AA0,CopyWordData_3,
085AA4,CopyWordData_2,
085AAE,Obj_WaitOffscreen,
085B0A,Obj_Song_Fade_ToLevelMusic,
085B30,Obj_Song_Fade_Transition,
085B60,Restore_LevelMusic,
085B8A,Restore_PlayerControl,
085B8E,Restore_PlayerControl2,
085BA8,Obj_EndSignControl,
085BD6,Obj_EndSignControlWait,
085BDA,Obj_EndSignControlDoSign,
085C00,Obj_EndSignControlAwaitStart,
085C1A,Obj_EndSignControlDoStart,
085C36,Check_CameraInRange,
085DA8,Change_Act2Sizes,
085DE0,Make_LevelSizeObj,
085E3A,StartNewLevel,
085E52,Play_SFX_Continuous,
085F86,BossDefeated_StopTimer,
085F8A,BossDefeated,
085FA0,Player_Load_PLC,
085FC4,Player_Load_PLC2,
085FDE,PLCLoad_AnimalsAndExplosion,
0860F2,AddRings,
08614E,Perform_Art_Scaling,
0862AE,Obj_SpriteMask,
0863EC,Obj_StartNewLevel,
08648C,Ending_Give_SuperSonic,
086540,Obj_EggCapsule,
086932,Check_TailsEndPose,
0869C6,Set_PlayerEndingPose,
086CF6,Obj_FBZExitHall,
086D6A,Obj_Bloominator,
086E56,Obj_Rhinobot,
087156,Obj_MonkeyDude,
0876CA,Obj_CaterKillerJr,
0878B2,Obj_Jawz,
087928,Obj_Blastoid,
087A24,Obj_Buggernaut,
087A2A,Obj_Buggernaut_2,
087ABC,Obj_Buggernaught_Baby,
087BC4,Obj_TurboSpiker,
087F56,Obj_MegaChopper,
08827C,Obj_Poindexter,
088336,Obj_BubblesBadnik,
08845A,Obj_Tunnelbot,
088568,Obj_MGZMiniboss,
088B96,Obj_Spiker,
088E60,Obj_Mantis,
088FB4,Obj_Clamer,
089198,Obj_Sparkle,
089376,Obj_Batbot,
08948E,Obj_Blaster,
089494,Obj_Blaster_2,
089820,Obj_TechnoSqueek,
089826,Obj_TechnoSqueek_2,
089BDC,Obj_FBZEggPrison,
089C86,Obj_FBZSpringPlunger,
089F32,Obj_ICZPathFollowPlatform,
089F38,Obj_ICZPathFollowPlatform_2,
08A26C,Obj_ICZBreakableWall,
08A330,Obj_ICZIceBlock,
08A44A,Obj_ICZCrushingColumn,
08A640,Obj_ICZFreezer,
08AB4E,Obj_ICZSegmentColumn,
08AD04,Obj_ICZSwingingPlatform,
08B194,Obj_ICZStalagtite,
08B2A0,Obj_ICZIceSpikes,
08B36C,Obj_ICZIceCube,
08B4CA,Obj_ICZHarmfulIce,
08B550,Obj_ICZSnowPile,
08B89A,Obj_ICZTensionPlatform,
08BADE,Obj_Penguinator,
08BD40,Obj_ICZSnowdust,
08BE2E,Obj_StarPointer,
08BFAE,Obj_SnaleBlaster,
08C2E2,Obj_Ribot,
08C632,Obj_Orbinaut,
08C728,Obj_Corkey,
08C966,Obj_Flybot767,
08CB56,Obj_LBZ1Robotnik,
08CDB8,Obj_LBZMinibossBox,
08CF80,Obj_LBZMinibossBoxKnux,
08D29C,Obj_LBZ2RobotnikShip,
08D580,Obj_Madmole,
08DAF6,Obj_Mushmeanie,
08DD32,Obj_Dragonfly,
08E09E,Obj_Butterdroid,
08E17E,Obj_Cluckoid,
08E650,Obj_Skorp,
08EA66,Obj_Sandworm,
08EDA0,Obj_Rockn,
08F0B8,Hyudoro,
08F0CA,Hyudoro_ctr,
08F11E,Hyudoro_body,
08F1AC,Hyudoro_init,
08F1DA,Hyudoro_wait0,
08F1F4,Hyudoro_atak_init,
08F1FE,Hyudoro_move0,
08F226,Hyudoro_chg0,
08F26E,Hyudoro_chg1,
08F2BE,Hyudoro_chg2,
08F2E0,Hyudoro_atak0,
08F322,Hyudoro_atak1,
08F36E,Hyudoro_atak2,
08F37A,Hyudoro_body_fout0,
08F390,set_SOZ_capsule_Hyudoro_cg,
08F3DE,set_soz_capsule_cg,
08F3F0,set_soz_enemy_cg,
08F3F6,SOZ_capsule,
08F436,return,
08F438,SOZ_capsule_switch,
08F45E,SOZ_capsule_Hyudoro,
08F48E,SOZ_capsule_Hyudoro_init,
08F4D8,SOZ_capsule_Hyudoro_move0,
08F4E2,SOZ_capsule_Hyudoro_move1,
08F4F0,chk_Hyudoro_limit,
08F514,set_Hyudoro,
08F538,set_Hyudoro_body_init,
08F58E,set_puka_init,
08F5E0,puka_init_00,
08F5F0,puka_init_01,
08F606,puka_init_02,
08F750,Obj_Fireworm,
08FAE6,Obj_Iwamodoki,
08FD30,Obj_Toxomister,
0900F0,Obj_LRZRockCrusher,
0906A0,Obj_HPZMasterEmerald,
090774,Obj_HPZSuperEmerald,
090964,Obj_HPZSSEntryControl,
091518,Obj_EggRobo,
0919EC,Obj_Spikebonker,
091C3C,Obj_Chainspike,
092A0E,DebugMode,
200200,ErrorTrap,
200206,EntryPoint,
200238,SkipSecurity,
200242,Init_VDPRegs,
200254,WaitForZ80,
20025A,Init_SoundRAM,
200266,Init_ClearRAM,
200272,Init_ClearCRAM,
200274,zGetNextNote,
20027C,Init_ClearVSRAM,
200282,zGetNextNote_cont,
200284,Init_InputPSG,
200296,Init_SkipPowerOn,
200304,PSGInitValues_End,Test_CountryCode / zGotNoteDuration
20030A,CheckVDP,
200330,CheckCountry,
200358,zKeyOffIfActive,
20037A,WriteCharSet,
20037E,WriteChar,
20038A,WritePix,
200392,NextPix,
200396,WritePixRow,
2003B4,CheckID,
2003BE,CheckMsg,
2003C6,zDoModulation,
2003E4,PrintMsg,
2003F4,NoPrint,
2003F8,NextID,
2003FC,CheckIDDone,
200408,TrapCheckVDP,
20040A,WriteString,
200422,zDoModEnvelope_cont,
20042C,ws01,
20043E,ws99,
20069A,EndCheckVDP,Test_Checksum
2006E4,zPlaySound_NotCont,
200706,Test_Checksum_Done,
200734,GameLoop,
200798,JumpToSegaScreen,
2007A0,ChecksumError2,
2007A8,ChecksumError2_Loop,
2007BC,ChecksumError,
2007C8,zSFXChannelData,
2007D4,ChecksumError_Loop,
2007D6,DetectPAL,
2007E8,zPauseUnpause,
200802,VInt,
200852,zHaltDACPSG,
20085A,VInt_Done,
200862,zDoMusicFadeOut,
200884,VInt_0,
200886,VInt_0_Main,
2008CA,VInt_0_Level,
20092C,VInt_0_FullyUnderwater,
200950,VInt_0_Water_Cont,
200964,VInt_0_NoWater,
200972,zPauseAudio,
200A02,VInt_0_Done,
200A12,VInt_2,
200A4E,VInt_14,
200A84,VInt_4,
200A88,zPSGFrequencies,
200AA4,VInt_6,
200AAA,VInt_10,
200AB4,VInt_8,
200B30,zFMFrequencies,
200B48,z80_MusicBanks,
200B84,zUpdateDACTrack_cont,
200BD2,zHandleCoordFlag,
200BF0,Do_Updates,
200C0E,VInt_A_C,
200C9C,zSendTL,
200D24,VInt_E,
200D30,VInt_12,
200D3C,VInt_18,zSetVoiceUpload
200DFA,zStopCleanExit,
200DFC,VInt_16,
200E56,cfJumpToGosub,
200E70,cfJumpReturn,
200EA0,VInt_1A,
200EAE,VInt_1C,
200EB2,cfToggleAltFreqMode,
200ECC,VInt_1E,
200EDE,Do_ControllerPal,
200F1A,cfHaltSound,
200F9C,zUpdatePSGTrack,
200F9E,JmpTo_HInt,
200FA2,HInt,
201012,zDoVolEnv,
201068,HInt_Done,
20106A,HInt3,
2010E8,HInt3_Done,
2010EA,HInt3_Do_Updates,
2010EE,DecTable,
2010FE,HInt5,zPlaySEGAPCM
20117C,HInt5_Done,
20117E,HInt5_Do_Updates,
201192,HInt4,
20120E,Hint4_Done,
201210,HInt4_Do_Updates,
201224,HInt_6,
2012A0,HInt6_Done,
2012A2,HInt6_Do_Updates,
2012B6,HInt2,
201300,z80_SoundDriverPointers,
20130E,z80_ModEnvPointers,
20132C,HInt2_Done,
20132E,HInt2_Do_Updates,
201340,sndDriverInput,
201342,Init_Controllers,
201372,Poll_Controllers,
201380,Poll_Controller,
2013AE,Init_VDP,
20145E,Clear_DisplayData,
2014D4,Clear_DisplayData_No2P,
201530,Clear_DisplayData_Cont,
201562,SndDrvInit,
2015E2,Z80_DefaultVariables_end,Play_Music
201604,Play_SFX_Local,
20160A,Play_SFX,
20161A,z80_MusicPointers,
20164A,Play_SFX_Done,
20164C,Change_Music_Tempo,
20166E,Pause_Game,
20167E,z80_SFXPointers,
2016B6,Pause_Loop,
2016D8,Pause_ChkFrameAdvance,
2016E8,Pause_NoSlowMo,
20170E,Pause_ChkStart,
20171C,Pause_ResumeMusic,
20173E,Pause_Unpause,
201744,Pause_NoPause,
201746,Pause_FrameAdvance,
201770,Plane_Map_To_VRAM,
201790,Plane_Map_To_VRAM_2,
2017B0,Add_To_DMA_Queue,
201810,Add_To_DMA_Queue_Done,
201812,Process_DMA_Queue,
201844,Nem_Decomp,
201856,Nem_Decomp_To_RAM,
201860,Nem_Decomp_Main,
20188E,Nem_Process_Compressed_Data,
2018C4,Nem_PCD_GetRepeatCount,
2018C6,Nem_PCD_WritePixel,
2018D0,Nem_PCD_NewRow,
2018D4,Nem_PCD_WritePixel_Loop,
2018DA,Nem_PCD_InlineData,
201906,Nem_PCD_WriteRowToVDP,
201910,Nem_PCD_WriteRowToVDP_XOR,
20191C,Nem_PCD_WriteRowToRAM,
201926,Nem_PCD_WriteRowToRAM_XOR,
201932,Nem_Build_Code_Table,
201934,Nem_BCT_ChkEnd,
20193C,Nem_BCT_NewPalIndex,
20193E,Nem_BCT_Loop,
20196C,Nem_BCT_ShortCode,
201978,Nem_BCT_ShortCode_Loop,
201984,Load_PLC,
2019B6,Load_PLC_Raw,
2019D0,Load_PLC_2,
2019FC,Clear_Nem_Queue,
201A0A,Process_Nem_Queue_Init,
201A62,Process_Nem_Queue,
201A7E,Process_Nem_Queue_2,
201A96,Process_Nem_Queue_Main,
201ACA,Process_Nem_Queue_Loop,
201AFA,Process_Nem_Queue_Done,
201AFC,Process_Nem_Queue_ShiftUp,
201B1E,Load_PLC_Immediate,
201B3E,Eni_Decomp,
201B5E,Eni_Decomp_Loop,
201B88,Eni_Decomp_00,
201B92,Eni_Decomp_01,
201B9A,Eni_Decomp_100,
201BA6,Eni_Decomp_101,
201BB4,Eni_Decomp_110,
201BC2,Eni_Decomp_111,
201BD4,Eni_Decomp_Index,
201BE4,Eni_Decomp_Done,
201BFC,Eni_Decomp_FetchInlineValue,
201C02,zPalFlag,
201C04,zPalDblUpdCounter,
201C06,zSoundQueue1,
201C08,zTempoSpeedup,
201C0A,zMusicNumber,
201C0E,zFadeDelay,
201C10,zPauseFlag,
201C12,zFM3Settings,
201C16,zFadeToPrevFlag,
201C18,unk_1C18,
201C24,zCurrentTempo,
201C26,zContinuousSFXFlag,
201C2A,zVoiceTblPtrSave,
201C2C,zCurrentTempoSave,
201C2E,zTempoSpeedupSave,
201C30,zDACIndex,
201C32,zSFXSaveIndex,
201C3E,zSongBank,
201C40,zTracksStart,
201CAC,Eni_Decomp_FetchByte,
201CBC,Kos_Decomp,
201CC8,Kos_Decomp_Loop,
201CDA,Kos_Decomp_ChkBit,
201CE2,Kos_Decomp_Match,
201CF6,Kos_Decomp_ChkBit2,
201D26,Kos_Decomp_FullMatch,
201D3C,Kos_Decomp_MatchLoop,
201D48,Kos_Decomp_FullMatch2,
201D58,Kos_Decomp_Done,
201D5C,Queue_Kos_Module,
201D74,Process_Kos_Module_Queue_Init,
201DB2,Process_Kos_Module_Queue,
201DF0,zTracksEnd,zTracksSFXStart / zTracksSaveStart
201E62,Queue_Kos,
201E7A,Set_Kos_Bookmark,
201EA4,Process_Kos_Queue,
201EB0,Process_Kos_Queue_Main,
201ECC,Process_Kos_Queue_Loop,
201EDE,Process_Kos_Queue_ChkBit,
201EE6,Process_Kos_Queue_RLE,
201EFA,Process_Kos_Queue_ChkBit2,
201F2A,Process_Kos_Queue_SeparateRLE,
201F40,Process_Kos_Queue_RLELoop,zTracksSFXEnd
201F4C,Process_Kos_Queue_SeparateRLE2,
201F5C,Process_Kos_Queue_EndReached,
201F84,Process_Kos_Queue_Done,
201F86,Restore_Kos_Bookmark,
201F96,Backup_Kos_Registers,
201FA0,zTracksSaveEnd,zTempVariablesEnd
201FA2,Wait_VSync,
201FAE,Random_Number,
201FD4,GetSineCosine,
20226C,GetArcTan,
2022BE,GetArcTan_Zero,
2023CA,AnPal_Load,
202444,AnPal_None,
202446,AnPal_AIZ1,
202504,AnPal_AIZ2,
2025BC,AnPal_HCZ1,
20260A,AnPal_HCZ2,
20260C,AnPal_CNZ,
2026C8,AnPal_FBZ,
2026CA,AnPal_ICZ,
202784,AnPal_LBZ1,
20278C,AnPal_LBZ2,
2027C2,AnPal_LRZ1,
20281A,AnPal_LRZ2,
20281C,AnPal_BPZ,
202886,AnPal_CGZ,
2028BC,AnPal_EMZ,
2030F6,SuperSonic_PalCycle,
203132,SuperSonic_PalCycle_SonicApply,
20315E,SuperSonic_PalCycle_ApplyUnderwater,
20316C,SuperSonic_PalCycle_Revert,
203196,SuperSonic_PalCycle_Normal,
203276,Pal_FadeFromBlack,
20329A,Pal_FromBlack,
2032DA,Pal_AddColor,
203306,Pal_FillBlack,
20332A,Animate_Palette,
20333E,Pal_FadeToBlack,
20335E,Pal_ToBlack,
20338C,Pal_DecColor,
2033BC,Pal_FadeFromWhite,
2033F6,Pal_FromWhite,
203436,Pal_DecColor2,
203466,Pal_FadeToWhite,
203486,Pal_ToWhite,
2034B4,Pal_AddColor2,
2034F4,LoadPalette,
203510,LoadPalette_Immediate,
203528,LoadPalette2,
203544,LoadPalette2_Immediate,
203560,Sega_Screen,
203568,Title_Screen,
2036D8,Wait_Sega,
20375E,Wait_Title,
2039F4,TitleAnim_FlipBuffer,
203A76,Iterate_TitleSonicFrame,
203B0C,TitleSonic_LoadFrame,
203F08,Obj_TitleBanner,
203F48,Obj_TitleBanner_Main,
203FAC,Obj_TitleBanner_Display,
203FF4,Obj_TitleTM,
20402C,Obj_TitleTM_Display,
204032,OldDebugCode,
20407A,Obj_TitleCopyright,
2040B2,Obj_TitleCopyright_Display,
2040B8,Obj_TitleSelection,
2040E4,Obj_TitleSelection_Main,
204140,Obj_TitleSonicFinger,
204172,Obj_TitleSonicFinger_Display,
2041A4,Obj_TitleSonicWink,
2041D6,Obj_TitleSonicWink_Display,
2041F6,Obj_TitleTailsPlane,
204228,Obj_TitleTailsPlane_Main,
204288,S3_Level_Select_Code,
2046B0,Level,
204B0C,LevelLoop,
204B94,DemoMode,
204D98,LevelLoad_ActiveCharacter,
204DB6,SpawnLevelMainSprites,
204EC8,SpawnLevelMainSprites_SpawnPowerup,
204F66,SpawnLevelMainSprites_SpawnPlayers,
2050B2,Obj_ResetCollisionResponseList,
2050BA,UpdateWaterSurface,
2050DE,Handle_Onscreen_Water_Height,
205216,DynamicWaterHeight,
205286,DynamicWaterHeight_AIZ1,
205288,DynamicWaterHeight_AIZ2,
205308,Obj_5308,
20531C,DynamicWaterHeight_HCZ1,
205334,DynamicWaterHeight_HCZ2,
20534C,DynamicWaterHeight_Null,
20534E,DynamicWaterHeight_LBZ1,
20536A,DynamicWaterHeight_Null2,
20536C,DynamicWaterHeight_Ending,
2053E0,HCZ_WaterTunnels,
20584A,GetDemoPtr,
205874,Demo_PlayRecord,
2058C8,LoadSolids,
2058F4,OscillateNumInit,
205900,Osc_Loop,
20594A,OscillateNumDo,
20599E,OscillateNumDo_Return,
2059E0,ChangeRingFrame,
205E20,LoadLevelLoadBlock,
205EA0,CheckLevelForWater,
205F42,LoadWaterPalette,
206146,LevelSelect_S2Options,
20631C,LevelSelect2P_Main,
206358,LevelSelect2P_PressStart,
2063DE,LevelSelect2P_Controls,
206402,Update2PLevSelSelection,
206482,Chk2PZoneCompletion,
20649C,ClearOld2PLevSelSelection,
20653E,MenuScreenTextToRAM,
20654C,MenuScreen_Options,
2065E0,OptionScreen_Main,
20661C,OptionScreen_Select,
206640,OptionScreen_Select_Not1P,
206662,OptionScreen_Select_Other,
20666A,OptionScreen_Controls,
20670C,OptionScreen_DrawSelected,
20677E,OptionScreen_DrawUnselected,
2067EE,OptionScreen_SelectTextPtr,
20681C,OptionScreen_HexDumpSoundTest,
20687C,MenuScreen_LevelSelect,
2069C2,LevelSelect_Main,
206A08,LevelSelect_PressStart,
206A36,LevelSelect_SpecialStage,
206AC8,LevelSelect_Return,
206AD0,LevelSelect_StartZone,
206B4A,LevSelControls,
206B90,LevSelControls_CheckLR,
206C04,LevSelControls_SwitchSide,
206C3C,LevelSelect_PickCharacterNumber,
206C72,LevelSelect_MarkFields,
206D12,LevelSelect_DrawCharacterNumber,
206D32,LevelSelect_DrawSoundNumber,
206D40,LevelSelect_DrawContinued,
206D60,LevelSelect_DrawIcon,
206E64,CheckCheats,
2074B6,SpecialStage,
207896,Rotate_SSPal,
2078DC,Update_SSMap,
207BD6,Draw_SSNum,
207CD4,AllocateObjectAfterCurrent_SpecialStage,
207D70,Obj_SStage_7D70,
207DB8,Obj_SStage_7DB8,
207F1C,Obj_SStage_7F1C,
208148,Obj_SStage_8148,
2082EE,Obj_SStage_82EE,
208380,Obj_SStage_8380,
2083E4,Obj_SStage_83E4,
208770,Draw_SSSprites,
208974,Draw_SSSprite_Normal,
208998,Draw_SSSprite_FlyAway,
208BDA,Animate_SSRings,
208C06,Find_SStageCollisionResponseSlot,
208C1A,Touch_SSSprites,
208C40,Touch_SSSprites_Ring,
208C70,Touch_SSSprites_BlueSphere,
208CC4,Decrement_BlueSphere_Count,
208CF8,Sphere_To_Rings,
208D0E,Blue_To_Ring_Next_Ring_B,
208D1A,Blue_To_Ring_Next_Direction_B,
208D34,Blue_To_Ring_Continue_B,
208D46,Blue_To_Ring_Next_Ring_R,
208D52,Blue_To_Ring_Next_Direction_R,
208D64,Blue_To_Ring_Continue_R,
208D78,Find_Red_Sphere_Loop,
208D88,Red_Loop_Check_Neighbors,
208DB2,Red_Loop_Count_Horizontal_Left,
208DC0,Red_Loop_Count_Horizontal_Right,
208DD8,Red_Loop_Count_Vertically_Up,
208DE6,Red_Loop_Count_Vertically_Down,
208E0E,Red_Loop_Find_Next,
208E48,Red_Loop_Push_Stack,
208E68,Red_Loop_Decrement,
208E6E,Red_Loop_Pop_Stack,
208E8C,Red_Loop_Processes_Loop,
208E9C,Red_Loop_Walk_Forward,
208EAA,Red_Loop_Blue_Check,
208EC8,Red_Loop_Blue_To_Ring,
208ED4,Red_Loop_Return_To_DFS,
208EF6,Load_SSSprite_Mappings,
209038,GetScalars2,
209530,Competition_Menu,
2097AC,Obj_Competition_97AC,
2097D0,Obj_Competition_97D0,
2099FC,Competition_LevelSelect,
209D8E,Obj_Competition_ZoneSelect,
20A164,Competition_PlayerSelect,
20A38C,Obj_Competition_StaticSprite,
20A39E,Obj_Competition_2PSelect,
20A3C2,Obj_Competition_1PSelect,
20A4E4,Obj_CompetitionPlayerSprite2P,
20A4EC,Obj_CompetitionPlayerSprite,
20A53C,Obj_Competition_PRESSSTART,
20A994,Competition_Results,
20ABE6,Obj_Competition_ABE6,
20AC0A,Obj_Competition_AC0A,
20AF20,TimeAttack_Records,
20B20C,Obj_Competition_B20C,
20B4EE,KosArt_To_VDP,
20B570,Copy_Listed_Data_To_VRAM,
20B5F4,Set_Lives_and_Continues,
20B63C,SRAM_Load,
20B734,Get_From_SRAM,
20B746,Read_SRAM,
20B764,Create_SRAMChecksum,
20B778,Write_SRAM,
20B7A0,Write_SaveGeneral,
20B7BE,Write_SaveGame,
20B7DC,SaveGame,
20B818,SaveGame_SpecialStage,
20B85C,SaveScreen,
20BA88,SaveScreen_MainLoop,
20C068,Obj_SaveScreen_Selector,
20C1BE,Obj_SaveScreen_NoSave_Slot,
20C24C,Obj_SaveScreen_Save_Slot,
20C2B0,Load_Level_Icons,
20C49A,Set_ChildSprites,
20C508,Obj_SaveScreen_Emeralds,
20C56C,Obj_SaveScreen_Delete_Save,
20C576,SaveScreen_Delete_Save_Index,
20C746,Load_Icon_Art,
20E8C0,Render_HUD_P1,
20E8C8,Render_HUD,
20E930,Render_HUD_P2,
20EA46,HUD_AddToScore,
20EA82,UpdateHUD,
20EB4A,UpdateHUD_TimeOver,
20EBFC,HUD_DrawZeroRings,
20EC10,HUD_DrawInitial,
20EC70,HUD_Debug,
20ECC8,DrawThreeDigitNumber,
20ECD2,DrawSixDigitNumber,
20EDA0,DrawSingleDigitNumber,
20EDAA,DrawTwoDigitNumber,
20EE66,HUD_Lives,
20F5F2,Load_Rings,
20F6C6,Test_Ring_Collisions,
20F70C,Test_Ring_Collisions_NoAttraction,
20F730,Test_Ring_Collisions_NextRing,
20F796,Test_Ring_Collisions_AttractRing,
20F816,Render_Rings,
20F8BE,S2_SpecialCNZBumpers,
20F8D0,SpecialCNZBumpers_Init,
20F924,SpecialCNZBumpers_Main,
20F9CA,Check_CNZ_Bumpers,
20FA10,CNZ_Bumper_Loop,
20FA70,CNZ_Bumper_Next,
20FFA4,Player_AnglePos,
2100C2,Player_Angle,
210102,Player_WalkVertR,
2101D0,Player_WalkCeiling,
21027E,Player_WalkVertL,
21032C,Find_Tile_BG,
210366,Find_Tile_FG,
2105A0,FindFloor,
210712,Ring_FindFloor,
2107E8,FindWall,
21097E,ConvertCollisionArray,
210A8A,CalcRoomOverHead,
210ACA,Sonic_CheckFloor,
210B56,CheckFloorDist,
210B5E,CheckFloorDist_Part2,
210BF0,ChkFloorEdge,
210BF4,ChkFloorEdge_Part2,
210C02,ChkFloorEdge_Part3,
210C46,SonicOnObjHitFloor,
210C94,ObjCheckFloorDist,
210C98,ObjCheckFloorDist2,
210CCA,FireCheckFloorDist,
210CF0,RingCheckFloorDist,
210D16,CheckRightCeilingDist,
210DD6,CheckRightWallDist,
210E20,ObjCheckRightWallDist,
210E4E,Sonic_CheckCeiling,
210F22,CheckCeilingDist,
210F2A,CheckCeilingDist_Part2,
210F4A,CheckCeilingDist_WithRadius,
210F6E,ObjCheckCeilingDist,
210FA6,CheckLeftCeilingDist,
211076,CheckLeftWallDist,
211118,ObjCheckLeftWallDist,
21111C,ObjCheckLeftWallDist_Part2,
211148,TouchResponse_CompetitionMode,
211168,TouchResponse,
2111C4,Touch_NoInstaShield,
2111E0,Touch_Process,
2111E8,Touch_Loop,
2111F0,Touch_NextObj,
2111F8,Touch_Width,
21121C,Touch_Height,
2112A0,Touch_ChkValue,
2112E6,Touch_Monitor,
211336,Touch_Enemy,
2113B8,Touch_EnemyNormal,
211442,Touch_ChkHurt,
21145A,Touch_ChkHurt2,
211462,Touch_ChkHurt_Return,
211466,Touch_ChkHurt_NoPowerUp,
21146E,Touch_ChkHurt_HaveShield,
2114AE,Touch_Hurt,
2114B8,HurtCharacter,
211562,Kill_Character,
2115AC,Touch_Special,
2115FE,Add_SpriteToCollisionResponseList,
211610,ShieldTouchResponse,
21163A,ShieldTouch_Loop,
21164A,ShieldTouch_NextObj,
211650,ShieldTouch_Width,
211680,ShieldTouch_Height,
2116DC,Obj_Sonic2P,
211BB8,Obj_Sonic,
211BFC,JmpTo_DebugMode,
211C02,Sonic_Normal,
211C1E,Sonic_Init,
211CA8,Sonic_Init_Continued,
211CDE,Sonic_Control,
211DA2,Sonic_Display,
211DB6,Sonic_ChkInvin,
211DEC,Sonic_RmvInvin,
211DF2,Sonic_ChkShoes,
211E4A,Sonic_ExitChk,
211E4C,Sonic_ChkShoesCompetition,
211E70,Sonic_RecordPos,
211EA6,Sonic_RecordPosCompetition,
211EC6,Sonic_RecordPosCompetitionP2,
211EE0,Reset_Player_Position_Array,
211F0A,Reset_Player_Position_ArrayP2,
211F2C,Sonic_Water,
211F34,Sonic_InWater,
211FAC,Sonic_OutWater,
212032,Sonic_MdNormal,
21207E,Sonic_MdAir,
2120A8,Sonic_MdRoll,
2120F2,Sonic_MdJump,
21211C,Sonic_Move,
212142,Sonic_NotLeft,
21214E,Sonic_NotRight,
2121B2,SuperSonic_Balance,
2121C4,Sonic_BalanceOnObjRight,
212202,Sonic_BalanceOnObjLeft,
212240,Sonic_Balance,
212592,Sonic_RollSpeed,
2126BE,Sonic_ChgJumpDir,
212712,Sonic_Jump_ResetScr,
21271E,Sonic_JumpPeakDecelerate,
212740,Sonic_JumpPeakDecelerateLeft,
21274E,Player_LevelBound,
212776,Player_Boundary_CheckBottom,
21278C,Player_Boundary_Bottom,
212792,Player_Boundary_Sides,
2127AA,Sonic_Roll,
2127D2,Player_ChkRoll,
2127DC,Player_DoRoll,
212810,Sonic_Jump,
2128D2,Sonic_RollJump,
2128DA,Sonic_JumpHeight,
212908,Sonic_UpVelCap,
21291E,Sonic_ShieldMoves,
212946,Sonic_FireShield,
212994,Sonic_LightningShield,
2129BC,Sonic_BubbleShield,
2129EC,Sonic_CheckTransform,
212A02,Sonic_InstaShield,
212A22,Sonic_Transform,
212A86,Sonic_Super,
212B28,Sonic_Spindash,
212CCC,Player_SlopeResist,
212D14,Player_RollRepel,
212D50,Player_SlopeRepel,
212DB2,Player_JumpAngle,
212DC8,Player_JumpAngleSet,
212DCC,Player_JumpFlip,
212DD8,Player_JumpRightFlip,
212DF0,Player_JumpLeftFlip,
212E0C,Player_JumpFlipSet,
212E12,Sonic_DoLevelCollision,
212EF4,Player_HitLeftWall,
212F0C,Player_HitCeiling,
212F70,Player_HitCeilingAndWalls,
21302C,Player_TouchFloor_Check_Spindash,
213038,Player_TouchFloor,
2130BE,BubbleShield_Bounce,
21344C,Animate_Sonic,
21360C,Anim_Tumble,
213658,Anim_TumbleLeft,
213A22,Sonic_Load_PLC,
213A28,Sonic_Load_PLC2,
213A82,Perform_Player_DPLC,
213A8C,Animate_SonicKnuckles_2P,
213DF0,SonicKnuckles2P_Load_PLC,
213E58,Obj_Tails2P,
2143B2,Obj_Tails,
214404,Tails_Normal,
214420,Tails_Init,
2144CC,Tails_Init_Continued,
214514,Tails_Control,
214626,Tails_Display,
2146DE,Tails_CPU_Control,
2147DA,Tails_Catch_Up_Flying,
2148A2,Tails_FlySwim_Unknown,
215040,Tails_Carry_Sonic,
215284,Tails_Water,
21536C,Tails_Stand_Path,
2153D0,Tails_Stand_Freespace,
215400,Tails_FlyingSwimming,
21543A,Tails_Move_FlySwim,
2154C4,Tails_Set_Flying_Animation,
21554C,Tails_Spin_Path,
2155AE,Tails_Spin_Freespace,
2155F0,Tails_InputAcceleration_Path,
2158F8,Tails_RollSpeed,
215A26,Tails_InputAcceleration_Freespace,
215AB6,Tails_Check_Screen_Boundaries,
215B12,Tails_Roll,
215B78,Tails_Jump,
215C38,Tails_JumpHeight,
215C7A,Tails_Test_For_Flight,
215CDC,Tails_Spindash,
215E64,Tails_SlopeResist,
215E9A,Tails_RollRepel,
215ED6,Tails_SlopeRepel,
215F18,Tails_JumpAngle,
215F78,Tails_DoLevelCollision,
216192,Tails_TouchFloor_Check_Spindash,
21619E,Tails_TouchFloor,
21636A,Animate_Tails,
216370,Animate_Tails_Part2,
216728,Tails_Tail_Load_PLC,
216756,Tails_Load_PLC,
21675C,Tails_Load_PLC2,
2167AC,Animate_Tails2P,
2167B2,Animate_Tails_Tail2P,
216AFE,Tails2P_Tail_Load_PLC,
216B2C,Tails2P_Load_PLC,
216B82,Obj_Tails_Tail,
216BAE,Obj_Tails_Tail_Main,
216CB2,Obj_Tails2P_Tail,
216D90,Obj_MGZ2_BossTransition,
216EFC,Obj_AirCountdown,
216F1C,AirCountdown_Init,
216F74,AirCountdown_Animate,
216F80,AirCountdown_ChkWater,
216FA6,AirCountdown_Wobble,
216FEC,AirCountdown_Display,
217004,AirCountdown_Delete,
21700A,AirCountdown_AirLeft,
217028,AirCountdown_Display2,
21704A,AirCountdown_DisplayNumber,
21706A,AirCountdown_ShowNumber,
2171B6,AirCountdown_Load_Art,
2171FE,AirCountdown_Countdown,
21728C,AirCountdown_WarnSound,
21729A,AirCountdown_ReduceAir,
217334,AirCountdown_MakeItem,
217412,Player_ResetAirTimer,
2174E6,Obj_S2Shield,
2174F8,Obj_S2Shield_Init,
21751C,Obj_S2Shield_Main,
217554,Obj_S2Shield_Display,
217568,Obj_S2Shield_Destroy,
217580,Obj_Invincibility,
217670,Obj_17670,
2178BE,Obj_DashDust,
217AB6,DashDust_Load_DPLC,
217ABC,SplashDrown_Load_DPLC,
217CD2,Obj_DashDust2P,
217EA2,Obj_SuperSonic_Stars,
21800C,Obj_SuperSonic_Stars_Timer,
218094,Obj_InstaShield,
2180F0,Obj_InstaShield_Main,
21815A,Obj_FireShield,
2181B6,Obj_FireShield_Main,
218238,Obj_FireShield_DestroyUnderwater,
21825A,Obj_FireShield_Destroy,
218268,Obj_LightningShield,
2182D8,Obj_LightningShield_Main,
218334,Obj_LightningShield_Display,
218360,Obj_LightningShield_DestroyUnderwater,
218398,Obj_LightningShield_Destroy,
2183A6,Obj_LightningShield_CreateSpark,
21840E,Obj_LightningShield_Spark,
218432,Obj_LightningShield_Spark_Delete,
218438,Obj_LightningShield_DestroyUnderwater2,
218458,Obj_BubbleShield,
2184BC,Obj_BubbleShield_Main,
21851A,Obj_BubbleShield_Destroy,
218528,PLCLoad_Shields,
21854C,PLCLoad_Shields_ReadEntry,
218CF6,Obj_Ring,
218D0E,Obj_RingInit,
218D44,Obj_RingAnimate,
218D4E,Obj_RingCollect,
218D60,Obj_RingSparkle,
218D6E,Obj_RingDelete,
218D72,GiveRing,
218D7E,GiveRing_1P,
218DC4,JmpTo_Play_SFX,
218DCC,GiveRing_Tails,
218E26,Obj_Bouncing_Ring,
218F94,Obj_Attracted_Ring,
218FF6,Obj_Attracted_RingAnimate,
219044,AttractedRing_GiveRing,
21907C,AttractedRing_Move,
219098,AttractedRing_MoveRight,
2190A2,AttractedRing_ApplyMovementX,
2190C2,AttractedRing_MoveUp,
2190CC,AttractedRing_ApplyMovementY,
219132,Init_SpriteTable,
219166,Init_SpriteTable2,
219180,Init_SpriteTable_2Player,
21919E,Process_Sprites,
2191F6,MoveSprite,
219216,MoveSprite2,
219230,Delete_Current_Sprite,
219232,Delete_Referenced_Sprite,
219240,Draw_Sprite,
219256,Animate_Sprite,
2192F6,Animate_SpriteIrregularDelay,
21938E,Render_Sprites,
21944E,Render_Sprites_NextObj,
219454,Render_Sprites_NextLevel,
219856,Render_Sprites_CompetitionMode,
219BEA,Sprite_OnScreen_Test,
219C12,Sprite_OnScreen_Test2,
219C36,Delete_Sprite_If_Not_In_Range,
219CC4,Sprite_CheckDeleteTouch3,
219CF2,Load_Sprites,
219CFC,Load_Sprites_Index,
21A0B2,CreateNewSprite4,
21A0C2,AllocateObject,
21A0CA,AllocateObjectAfterCurrent,
21A14E,Clear_SpriteRingMem,
21A18E,Get_LevelSizeStart,
21A478,DeformBgLayer,
21A55A,MoveCameraX,
21A5D0,MoveCameraY,
21A6EA,MoveCameraX_2P,
21A762,LoadLevelLoadBlock2,
21A814,Load_Level,
21A83C,Do_ResizeEvents,
21A908,AIZ1_Resize,
21AA9C,AIZ2_Resize,
21AABC,AIZ2_Resize1,
21AAF4,AIZ2_Resize2,
21AB7A,AIZ2_Resize3,
21AB94,AIZ2_Resize4,
21ABE4,AIZ2_Resize5,
21ABFE,AIZ2_Resize6,
21AC18,AIZ2_Resize7,
21AC2A,AIZ2_Resize8,
21AC38,AIZ2_ResizeEnd,
21AC3A,HCZ1_Resize,
21ACB2,HCZ2_Resize,
21ACD8,MGZ1_Resize,MGZ2_Resize
21AD86,CNZ1_Resize,CNZ2_Resize / FBZ1_Resize / FBZ2_Resize
21AD88,ICZ1_Resize,
21ADCA,ICZ2_Resize,
21ADFA,LBZ1_Resize,
21ADFC,LBZ2_Resize,
21AE68,No_Resize,
21AE6A,Resize_MaxYFromX,
21AE88,Draw_LRZ_Special_Rock_Sprites,
21AFC2,Obj_PathSwap,
21B41E,Obj_Monitor,
21B436,Obj_MonitorInit,
21B4A0,Obj_MonitorMain,
21B4FA,Obj_MonitorAnimate,
21B508,SolidObject_Monitor_Sonic,
21B51A,SolidObject_Monitor_Tails,
21B534,Monitor_ChkOverEdge,
21B564,Monitor_CharStandOn,
21B56E,Obj_MonitorBreak,
21B59E,Obj_MonitorSpawnIcon,
21B602,Obj_MonitorContents,
21B6B0,Monitor_Give_Eggman,
21B6B6,Monitor_Give_1up,
21B6CA,Monitor_Give_Rings,
21B728,Monitor_Give_SpeedShoes,
21B772,Monitor_Give_FireShield,
21B7B0,Monitor_Give_LightningShield,
21B7EE,Monitor_Give_BubbleShield,
21B82C,Monitor_Give_Invincibility,
21B878,Monitor_Give_SuperSonic,
21BA0C,SolidObjectFull,
21BA2A,SolidObjectFull_1P,
21BA6C,SolidObjectFull2,
21BA82,SolidObjectFull2_1P,
21BBD6,SolidObjectFull_Offset,
21BBEC,SolidObjectFull_Offset_1P,
21BD46,SolidObject_cont,
21BF0C,MvSonicOnPtfm,
21BF46,SolidObjSloped2,
21BF88,SolidObjSloped4,
21BFAC,SolidObjectTop,
21BFC2,SolidObjectTop_1P,
21C004,SolidObjectTopSloped2,
21C01A,SolidObjectTopSloped2_1P,
21C05C,SolidObjectTopSloped,
21C072,SolidObjectTopSloped_1P,
21C136,RideObject_SetRide,
21C17C,SolidObjCheckSloped2,
21C1B4,CheckPlayerReleaseFromObj,
21C214,Obj_Explosion,
21C2C0,Obj_FireShield_Dissipate,
21C3BC,Obj_AIZ1Tree,
21C3FE,Obj_AIZ1ZiplinePeg,
21C440,Obj_AutoSpin,
21C704,Obj_S2LavaMarker,
21C7E6,Obj_InvisibleBlock,
21C8EE,Obj_HCZBreakableBar,
21CE62,Obj_HCZWaveSplash,
21CFF2,Obj_HCZBlock,
21D096,Obj_InvisibleHurtBlockHorizontal,
21D224,Obj_InvisibleHurtBlockVertical,
21D3C4,Obj_AIZHollowTree,
21D532,AIZTree_FallOff,
21D592,AIZTree_SetPlayerPos,
21D656,Obj_AIZLRZEMZRock,
21DE1C,Obj_CollapsingPlatform,
21DF4C,Obj_CollapsingBridge,
21E354,Obj_PlatformCollapseWait,
21E36C,Obj_PlatformCollapseFall,
21E384,Obj_PlatformCollapseWaitHandlePlayer,
21E3AA,Check_CollapsePlayerRelease,
21E402,CollapsingPtfmHandlePlayerAndSmash,
21E40E,ObjPlatformCollapse_CreateFragments,
21E41C,ObjPlatformCollapse_SmashObject,
21E440,GetFragmentsSlotsloop,
21E448,GetFragmentsSpriteProperties,
21E47E,FragmentsDrawAndPlaySfx,
21F6BC,Obj_BreakableWall,
21F98C,BreakObjectToPieces,
21F9B0,BreakObjectToPieces_Loop,
21F9BA,BreakObjectToPieces_InitObject,
2200AE,Obj_AIZRideVine,
2204B4,Obj_AIZRideVineHandle,
220768,Obj_AIZGiantRideVine,
220B0E,Obj_AIZSurfboardIntro,
220B8C,Obj_AIZSurfboardIntro_Main,
220C06,Obj_AIZSurfboardIntro_Jump,
220C94,Obj_AIZSurfboardIntro_Run,
220D04,Obj_AIZSurfboardIntro_Stop,
220D38,Obj_AIZSurfboardIntro_CheckDelete,
220D3E,SurfboardIntro_Move,
220DE0,SurfboardIntro_Load_PLC,
220F74,Obj_SurfboardWaves,
220FCE,Obj_SurfboardWaves_Main,
220FFC,Obj_SurfboardSplash,
22102C,SurfboardSplash_Init,
221044,SurfboardSplash2_Init,
22106C,Obj_SurfboardSplash_Main,
2210E0,Obj_SurfboardSplash2_Main,
221152,SurfboardSplash_SetOffsets,
2212B2,Obj_Surfboard,
2212EA,Obj_Surfboard_Main,
2213D8,Obj_Spring,
221482,Spring_Horizontal,
2214C0,Spring_Down,
2214F2,Spring_UpDiag,
22151A,Spring_DownDiag,
221548,Spring_Up,
221576,Spring_Common,
2215A6,Obj_Spring_Up,
2215F8,Obj_2PSpring_Up,
2216F6,Obj_Spring_Horizontal,
221784,Obj_2PSpring_Horizontal,
2219C6,Obj_Spring_Down,
221A14,Obj_2PSpring_Down,
221B1E,Obj_Spring_UpDiag,
221C60,Obj_Spring_DownDiag,
222072,Obj_RetractingSpring,
2221C6,Obj_2PRetractingSpring,
222612,Obj_Spikes,
222C04,Init_ArtScaling,
22336E,Obj_SphereTest,
2236CC,Obj_SphereTest_Main,
223790,Obj_EosianSphere,
2239B8,GetScalars,
223C70,Obj_TwistedRamp,
223D32,Obj_LBZMovingPlatform,
223E86,Platform_Stationary,
223EBE,Platform_Horizontal64,
223ECA,Platform_Horizontal128,
223EEC,Platform_Vertical64,
223EF8,Platform_Vertical128,
223F1A,Platform_DiagonalUp,
223F34,Platform_DiagonalDown,
223F52,Platform_DiagonalLift,
223FA2,Platform_Horizontal256,
223FFE,Platform_FallingDelayed,
224028,Platform_Falling,
2240A4,Obj_FallingPlatformIntangible,
2240DA,Platform_Rising,
22416E,Platform_Square32,
224180,Platform_Square96,
224190,Platform_Square160,
2241A0,Platform_Square224,
22425E,Obj_LBZUnusedBarPlatform,
2243FC,Obj_FloatingPlatform,
2245B4,Obj_HCZSnakeBlocks,
224722,Obj_LBZUnusedElevator,
224912,Obj_LBZExplodingTrigger,
2249B2,Obj_MGZDashTrigger,
224C24,Obj_LBZTriggerBridge,
2250D2,Obj_LBZPlayerLauncher,
225394,Obj_LBZFlameThrower,
225422,Obj_AutoSpin460,
225584,Obj_LBZRideGrapple,
225A12,Obj_LBZCupElevator,
225B60,Obj_LBZCupElevatorMain,
225BC0,LBZCupElevator_Action,
225BE2,LBZCupElev_WaitEnter,
225BF4,LBZCupElev_MoveUp,
225C7C,LBZCupElev_WaitExit1,
225C88,LBZCupElev_MoveDown,
225D0C,LBZCupElev_WaitExit2,
225D1A,LBZCupElev_Spin1,
225DB4,LBZCupElev_Spin2,
225E22,LBZCupElev_Fling1,
225E46,LBZCupElev_Fling2,
225E6A,LBZCupElev_Fling3,
225F02,Obj_LBZElevatorCupFlicker,
225F62,LBZCupElevator_ReleasePlayer,
225F88,LBZCupElevator_PlayerControl,
2260DC,Obj_LBZCupElevatorBase,
2260EC,Obj_LBZCupElevatorAttach,
226144,Obj_LBZCupElevatorPole,
226202,Obj_LBZUnusedTiltingBridge,
2264FA,Obj_LBZPipePlug,
2266EE,PipePlugSmashObject,
2268FE,Obj_LBZUnusedSolidHurt,
226A92,Animate_Tiles,
226B72,AnimateTiles_NULL,
226B74,AnimateTiles_AIZ1,
226B84,AnimateTiles_AIZ2,
226BBA,AnimateTiles_HCZ1,
226CBE,AniHCZ_FixUpperBG,
226CE6,AniHCZ_FixLowerBG,
226D92,AnimateTiles_HCZ2,
226F66,AnimateTiles_MGZ,
226F70,AnimateTiles_CNZ,
227006,AnimateTiles_ICZ,
22713A,AnimateTiles_LBZ1,
22722A,AnimateTiles_LBZ2,
2273D2,AnimateTiles_LRZ1,
2274D0,AnimateTiles_DPZ,
2275B6,AnimateTiles_Gumball,
2275EC,AnimateTiles_DoAniPLC,
2275F2,AnimateTiles_DoAniPLC_Part2,
2278B6,AnimateTiles_NULL3,
2278B8,Animate_Init,
22795A,Obj_LBZSpinLauncher,
227BF0,Obj_LBZLoweringGrapple,
228114,Obj_MGZLBZSmashingPillar,
228286,Obj_LBZGateLaser,
2283B8,Obj_LBZAlarm,
22848A,Obj_LBZUnusedForceFall,
228534,Obj_AutomaticTunnelDelayed,
228542,Obj_AutomaticTunnel,
228592,Obj_AutoTunnelInit,
228646,Obj_AutoTunnelRun,
228700,Obj_AutoTunnelLastMove,
228714,AutoTunnel_GetPath,
22878A,AutoTunnel_CalcSpeed,
228808,Obj_TunnelExhaustControl,
22887C,Obj_TunnelExhaustControlMain,
228938,Obj_TunnelExhaustUp,
228966,Obj_TunnelExhaustDown,
228996,Obj_TunnelExhaustHorz,
2289C6,Obj_TunnelExContinuous,
228A30,Obj_TunnelExhaustTimed,
228A6A,Obj_TunnelExSmoke,
228C10,Obj_LBZTubeElevator,
228CBC,Obj_LBZTubeElevatorActive,
228CDC,Obj_LBZTubeElevatorClosed,
228D94,LBZTubeElevator_Action,
228DB4,LBZTubeElevator_WaitPlayer,
228E24,LBZTubeElevator_StartSpin,
228EA6,LBZTubeElevator_MovePath,
228F3E,LBZTubeElevator_SlowSpin,
228F8A,LBZTubeElevator_WaitExit,
228FF0,LBZTubeElevator_EndSpin,
229022,LBZTubeElevator_Closed,
229078,LBZTubeElevator_CheckPlayer,
229336,Obj_AIZDisappearingFloor,
22963A,Obj_CorkFloor,
229F80,Obj_AIZFlippingBridge,
22A3A4,Obj_AIZCollapsingLogBridge,
22A7F2,Obj_AIZDrawBridge,
22AC4E,Obj_AIZFallingLog,
22AF20,Obj_AIZSpikedLog,
22B2DA,Obj_StillSprite,
22B66A,Obj_AnimatedStillSprite,
22B72E,Obj_AIZForegroundPlant,
22B954,Obj_AIZ2FGTree,
22B9B6,Obj_LBZRollingDrum,
22BB20,Obj_Button,
22BD98,Obj_Animal,
22C2EA,Obj_EnemyScore,
22C41E,Obj_StarPost,
22C5EC,Save_Level_Data,
22C642,Save_Level_Data2,
22C6AA,Load_Starpost_Settings,
22C9AC,Obj_GameOver,
22CA66,Obj_TitleCard,
22CA7C,Obj_TitleCardInit,
22CAF0,Obj_TitleCardCreate,
22CB78,Obj_TitleCardWait,
22CBCA,Obj_TitleCardWait2,
22CC18,Obj_TitleCardRedBanner,
22CC62,Obj_TitleCardName,
22CC70,Obj_TitleCardElement,
22CCB4,Obj_TitleCardAct,
22CCD8,Obj_TitleCardElement2,
22CDDC,Obj_LevelResults,
22CDF2,Obj_LevelResultsInit,
22CEBA,Obj_LevelResultsCreate,
22CF26,Obj_LevelResultsWait,
22CFA8,Obj_LevelResultsWait2,
22CFF6,Obj_LevResultsCharName,
22D04C,Obj_LevResultsGeneral,
22D056,Obj_LevelResultsTimeBonus,
22D060,Obj_LevelResultsRingBonus,
22D06A,Obj_LevelResultsTotal,
22D07A,LevResults_DisplayScore,
22D0B8,LevelResults_MoveElement,
22D104,LevResults_GetDecimalScore,
22D218,SpecialStage_Results,
22D41E,Obj_SpecialStage_Results,
22DF3C,LoadEnemyArt,
22E04E,Obj_Bubbler,
22E4BA,Obj_HCZWaterRush,
22E786,Obj_HCZWaterWall,
22EF5E,Obj_HCZCGZFan,
22F2D8,Obj_HCZLargeFan,
22F650,Obj_HCZHandLauncher,
22FAB0,Obj_Door,
22FDBE,Obj_HCZConveyorBelt,
23015C,Obj_HCZConveryorSpike,
230368,Obj_CNZBalloon,
230764,Obj_CNZCannon,
230BDC,Obj_CNZRisingPlatform,
230D30,Obj_CNZTrapDoor,
230DFC,Obj_CNZLightBulb,
230E7E,Obj_CNZHoverFan,
2310A0,Obj_CNZVacuumTube,
231262,Obj_CNZCylinder,
231880,Obj_HCZSpinningColumn,
231B54,Obj_CNZGiantWheel,
231C20,Obj_CNZTriangleBumpers,
231D08,Obj_SinkingMud,
231EFA,Obj_CGZTriangleBumpers,
232082,Obj_Bumper,
232302,Obj_CNZSpiralTube,
23259A,Obj_CNZBarberPoleSprite,
232A70,Obj_CNZWireCage,
232EC0,Obj_MGZTwistingLoop,
2331D0,Obj_MGZSwingingPlatform,
23333C,Obj_MGZSwingingSpikeBall,
2335AC,Obj_MGZHeadTrigger,
233874,Obj_MGZTriggerPlatform,
233A7A,Obj_MGZMovingSpikePlatform,
233CC8,Obj_MGZPulley,
234190,Obj_MGZTopPlatform,
234F20,Obj_MGZTopLauncher,
23500C,Obj_CGZBladePlatform,
23518A,Obj_BPZElephantBlock,
235312,Obj_BPZBalloon,
2354CC,Obj_DPZDisolvingSandBar,
235834,Obj_DPZButton,
2358F6,Obj_2PItem,
236172,Obj_2PGoalMarker,
23768A,Obj_EMZDripper,
23780E,Obj_WaterDrop,
237994,Obj_HCZWaterSplash,
237C94,Obj_TensionBridge,
23867A,Obj_HCZTwistingLoop,
238CE2,Obj_LevelIntroICZ1,
23903E,Obj_LevelIntro_PlayerLaunchFromGround,
239164,Obj_LevelIntroICZ1Tails,
23923E,LevelSetup,
2392CC,ScreenEvents,
239618,VInt_DrawLevel,
239622,VInt_DrawLevel_2,
239636,VInt_DrawLevel_Col,
239640,VInt_DrawLevel_Draw,
239654,VInt_DrawLevel_Done,
23965C,VInt_VRAMWrite,
239678,SpecialVInt_VRAMRead,
239690,VInt_DrawLevel_Competition,
2396B6,SpecialVInt_Function,
2396C4,SpecialVInt_Array,
2396E4,SpecialVInt_VScrollOn,
2396EE,SpecialVInt_VScrollCopy,
239704,SpecialVInt_VScrollOff,
239710,SpecialVInt_LBZ2WindowCopy,
23975A,SpecialVInt_LBZ2ScrollAClear,
239782,SpecialVInt_LBZ2ScrollAClear2,
23979E,SpecialVInt_LBZ2WindowClear,
2397E0,Draw_TileColumn,
239822,Draw_TileColumn2,
239864,Setup_TileColumnDraw,
23996E,Get_LevelChunkColumn,
23998E,Draw_TileRow,
2399D8,Draw_TileRow2,
239A22,Setup_TileRowDraw,
239AFE,Get_LevelAddrChunkRow,
239B0A,Get_ChunkRow,
239B20,Setup_TileRowDraw_Competition,
239B60,Refresh_PlaneFull,
239B7E,Refresh_PlaneTileDeform,
239BAA,Refresh_PlaneDirectVScroll,
239BD6,Refresh_PlaneFull_Competition,
239BF0,Refresh_PlaneScreenDirect,
239C1E,DrawTilesAsYouMove,
239C42,DrawBGAsYouMove,
239C84,Draw_BG,
239CA0,Draw_BGNoVert,
239D04,Get_DeformDrawPosVert,
239D1E,DrawTilesVDeform,
239D3C,DrawTilesVDeform2,
239DBC,Get_XDeformRange,
239DD6,Draw_PlaneVertBottomUp,
239DE4,Draw_PlaneVertSingleBottomUp,
239E10,Draw_PlaneVertBottomUpComplex,
239E52,PlainDeformation,
239E74,MakeFGDeformArray,
239E8C,ApplyDeformation,
239E90,ApplyDeformation3,
239E9C,ApplyDeformation2,
239F18,ApplyFGandBGDeformation,
239FB4,Apply_FGVScroll,
23A002,Reset_TileOffsetPositionActual,
23A01E,Reset_TileOffsetPositionEff,
23A03C,Update_CameraPositionP2,
23A04A,Update_VScrollValueP2,
23A064,SpecialEvents,
23A080,Adjust_BGDuringLoop,
23A09E,Get_BGActualEffectiveDiff,
23A0B8,ShakeScreen_Setup,
23A0F8,Offset_ObjectsDuringTransition,
23A5F0,Clear_Switches,
23A5FE,NoScreenInit,
23A606,NoScreenEvent,
23A60A,NoBackgroundInit,
23A61A,NoBackgroundEvent,
23A626,No_Deform,
23A63C,Comp_ScreenInit,
23A68A,Comp_ScreenEvent,
23A6AC,CGZ_ScreenEvent,
23A6CC,ALZ_BackgroundInit,
23A6D2,BPZ_BackgroundInit,
23A6D8,DPZ_BackgroundInit,
23A6DE,CGZ_BackgroundInit,
23A716,EMZ_BackgroundInit,
23A71A,Comp_BackgroundInit,
23A73E,ALZ_BackgroundEvent,
23A748,BPZ_BackgroundEvent,
23A752,CGZ_BackgroundEvent,
23A75C,EMZ_BackgroundEvent,
23A796,DPZ_BackgroundEvent,
23A7D0,ALZ_Deformation,
23A88E,BPZ_Deformation,
23A8DC,DPZ_Deformation,
23A924,CGZ_Deformation,
23A980,EMZ_Deformation,
23AA9A,AIZ1_ScreenInit,
23AAA2,AIZ1_ScreenEvent,
23AB4A,AIZ1SE_ChangeChunk1,
23AB5E,AIZ1SE_ChangeChunk2,
23AB70,AIZ1SE_ChangeChunk3,
23AB82,AIZ1SE_ChangeChunk4,
23AB96,AIZ_TreeReveal,
23AC14,Obj_AIZ1TreeRevealControl,
23ACBA,AIZ1_BackgroundInit,
23AD0C,AIZ1_BackgroundEvent,
23AD14,AIZ1_BackgroundEvent_Index,
23AD2C,AIZ1BGE_Intro,
23AD86,AIZ1BGE_NormalRefresh,
23ADA2,AIZ1BGE_Normal,
23ADC0,AIZ1_AIZ2_Transition,
23ADF8,AIZ1BGE_FireTransition,
23AED2,AIZ1BGE_FireRefresh,
23AEFE,AIZ1BGE_Finish,
23AFD2,AIZ1_IntroDeform,
23B03E,AIZ1_Deform,
23B0D4,AIZ1_ApplyDeformWater,
23B152,AIZ1_FireRise,
23B17A,AIZTrans_WavyFlame,
23B1C6,Obj_AIZTransitionFloor,
23B284,AIZ2_ScreenInit,
23B28C,AIZ2_ScreenEvent,
23B29C,AIZ2_ScreenEvent_Index,
23B2B0,AIZ2SE_Normal,
23B2EC,AIZ2SE_ShipRefresh,
23B34C,AIZ2SE_ShipDraw,
23B394,AIZ2SE_EndRefresh,
23B3CA,AIZ2SE_End,
23B3CE,HInt6,
23B3F2,AIZ2_BackgroundInit,
23B42A,AIZ2_BackgroundEvent,
23B446,AIZ2_BackgroundEvent_Index,
23B45E,AIZ2BGE_FireRedraw,
23B48E,AIZ2BGE_WaitFire,
23B56A,AIZ2BGE_BGRedraw,
23B580,AIZ2BGE_Normal,
23B5E0,AIZ2BGE_ShipRefresh,
23B5F6,AIZ2BGE_ShipMove,
23B626,AIZ2_Deform,
23B680,AIZ2_ApplyDeform,
23B774,AIZ2_DoShipLoop,
23B7DE,Obj_AIZBattleship,
23B822,Obj_AIZBattleshipMain,
23B8B6,Obj_BattleshipPropeller,
23B8E8,Obj_BattleshipPropellerMain,
23B90A,Obj_AIZShipBomb,
23B942,Obj_AIZShipBombMain,
23B94C,AIZShipBomb_Index,
23B958,AIZShipBomb_ReadyDrop,
23B96A,AIZShipBomb_Delay,
23B986,AIZShipBomb_Drop,
23BA06,Translate_Camera2ObjPosition,
23BA12,Translate_Camera2ObjX,
23BA30,Obj_AIZBombExplosion,
23BA68,Obj_AIZBombExplosionAnim,
23BA9E,Obj_AIZ2MakeTree,
23BAEE,Obj_AIZ2BGTree,
23BB14,Obj_AIZ2BGTreeMove,
23BB48,Obj_AIZ2BossSmall,
23BB88,Obj_AIZ2BossSmallMain,
23C28C,HCZ1_ScreenInit,
23C298,HCZ1_ScreenEvent,
23C29C,HCZ1_BackgroundInit,
23C2CA,HCZ1_BackgroundEvent,
23C2D2,HCZ1_BackgroundEvent_Index,
23C2DA,HCZ1BGE_Normal,
23C356,HCZ1BGE_DoTransition,
23C406,HCZ1_Deform,
23C5AE,HCZ2_ScreenInit,
23C5B6,HCZ2_ScreenEvent,
23C5C2,HCZ2_BackgroundInit,
23C608,HCZ2_BackgroundEvent,
23C610,HCZ2_BackgroundEvent_Index,
23C624,HCZ2BGE_WallMoveInit,
23C628,HCZ2BGE_WallMove,
23C68E,HCZ2BGE_NormalTransition,
23C6BC,HCZ2BGE_NormalRefresh,
23C6D2,HCZ2BGE_Normal,
23C6F2,HCZ2_WallMove,
23C772,HCZ2_Deform,
23C820,MGZ1_ScreenInit,
23C82C,MGZ1_ScreenEvent,
23C83C,MGZ1_BackgroundInit,
23C854,MGZ1_BackgroundEvent,
23C85C,MGZ1_BackgroundEvent_Index,
23C864,MGZ1BGE_Normal,
23C8C8,MGZ1BGE_Transition,
23C970,MGZ1_Deform,
23C9CE,Do_ShakeSound,
23CA14,MGZ2_ScreenInit,
23CA24,MGZ2_ScreenEvent,
23CA38,MGZ2_ScreenEvent_Index,
23CA44,MGZ2SE_Normal,
23CA68,MGZ2SE_Collapse,
23CA86,MGZ2SE_MoveBG,
23CAA6,MGZ2_LevelCollapse,
23CC02,MGZ2_QuakeEvent,
23CC12,MGZ2_QuakeEvent_Index,
23CC2E,MGZ2_QuakeEventCheck,
23CC90,MGZ2_QuakeEvent1,
23CCD4,MGZ2_QuakeEvent2,
23CD1E,MGZ2_QuakeEvent3,
23CD86,MGZ2_QuakeEvent1Cont,
23CD90,MGZ2_QuakeEvent2Cont,
23CDB0,MGZ2_QuakeEvent3Cont,
23CDCC,MGZ2_ChunkEvent,
23CDD4,MGZ2_ChunkEvent_Index,
23CDEA,MGZ2_ChunkEventCheck,
23CE40,MGZ2_ChunkEvent1,
23CE5E,MGZ2_ChunkEvent2_3,
23CEDC,MGZ2_ChunkEventReset,
23CEEE,MGZ2_ModifyChunk,
23CF20,Obj_MGZ2LevelCollapseSolid,
23D084,MGZ2_BackgroundInit,
23D134,MGZ2_BackgroundEvent,
23D13C,MGZ2_BackgroundEvent_Index,
23D148,MGZ2BGE_GoRefresh,
23D156,MGZ2BGE_Normal,
23D1B4,MGZ2BGE_Refresh,
23D1D0,MGZ2_BGDeform,
23D1D8,MGZ2_BGDeform_Index,
23D2BE,MGZ2_ClearBottomBG,
23D2D0,MGZ2_BGEventTrigger,
23D2E8,MGZ2_BGEventTrigger_Index,
23D3C8,Obj_MGZ2BGMoveKnux,
23D3DC,Obj_MGZ2BGMoveSonic,
23D514,CNZ1_ScreenInit,
23D51C,CNZ1_ScreenEvent,
23D5EC,CNZ1_BackgroundInit,
23D606,CNZ1_BackgroundEvent,
23D60E,CNZ1_BackgroundEvent_Index,
23D62A,CNZ1BGE_Normal,
23D698,CNZ1BGE_BossStart,
23D6A4,CNZ1BGE_Boss,
23D6BE,CNZ1BGE_AfterBoss,
23D6E8,CNZ1BGE_FGRefresh,
23D770,CNZ1BGE_FGRefresh2,
23D7B6,CNZ1BGE_DoTransition,
23D87C,CNZ1_Deform,
23D8E4,CNZ1_BossLevelScroll,
23D8F0,CNZ1_BossLevelScroll2,
23D90E,Obj_CNZMinibossScrollControl,
23D918,CNZMinibossScrollControl_Index,
23D930,Obj_CNZMinibossScrollInit,
23D960,Obj_CNZMinibossScrollMain,
23D98A,Obj_CNZMinibossScrollWait,
23D9A6,Obj_CNZMinibossScrollSlow,
23D9C6,Obj_CNZMinibossScrollWait2,
23DA0C,Obj_CNZMinibossScrollWait3,
23DA32,CNZ2_ScreenInit,
23DA3A,CNZ2_ScreenEvent,
23DA54,CNZ2_BackgroundInit,
23DA74,CNZ2_BackgroundEvent,
23DA7C,CNZ2_BackgroundEvent_Index,
23DAF0,ICZ1_ScreenInit,
23DB0A,ICZ1_ScreenEvent,
23DB12,ICZ1_ScreenEvent_Index,
23DB2A,ICZ1SE_Init,
23DB34,ICZ1SE_WaitQuake,
23DB3C,ICZ1SE_Normal,
23DB40,ICZ1_BackgroundInit,
23DBBA,ICZ1_BackgroundEvent,
23DBC2,ICZ1_BackgroundEvent_Index,
23DBDA,ICZ1BGE_Intro,
23DC20,ICZ1BGE_SnowFall,
23DC4A,ICZ1BGE_Refresh,
23DC7A,ICZ1BGE_Refresh2,
23DC9A,ICZ1BGE_Normal,
23DCF4,ICZ1BGE_Transition,
23DDAE,ICZ1_IntroDeform,
23DE04,ICZ1_BigSnowFall,
23DE60,ICZ1_Deform,
23DE86,ICZ1_SetIntroPal,
23DEC6,ICZ1_SetIndoorPal,
23DF16,ICZ2_ScreenInit,
23DF1E,ICZ2_ScreenEvent,
23DF22,ICZ2_BackgroundInit,
23DF98,ICZ2_BackgroundEvent,
23DFA0,ICZ2_BackgroundEvent_Index,
23DFAC,ICZ2BGE_FromICZ1,
23DFBA,ICZ2BGE_Normal,
23E08C,ICZ2BGE_Refresh,
23E0C2,ICZ2_OutDeform,
23E13A,ICZ2_InDeform,
23E1AA,ICZ2_SetOutdoorsPal,
23E1DA,ICZ2_SetIndoorsPal,
23E20E,ICZ2_SetICZ1Pal,
23E258,LBZ1_ScreenInit,
23E2CA,LBZ1_ScreenEvent,
23E342,LBZ1_LayoutExitMod1,
23E34C,LBZ1_LayoutExitMod2,
23E358,LBZ1_LayoutExitMod3,
23E362,LBZ1_LayoutExitMod4,
23E382,LBZ1_EventVScroll,
23E458,LBZ1_CheckLayoutMod,
23E496,LBZ1_LayoutModBranch,
23E49E,LBZ1_LayoutMod1,
23E4A8,LBZ1_LayoutMod2,
23E4B2,LBZ1_LayoutMod3,
23E4C8,LBZ1_LayoutMod4,
23E4D0,LBZ1_DoMod4,
23E4EC,LBZ1_DoMod3,
23E506,LBZ1_DoMod2,
23E526,LBZ1_DoMod1,
23E544,LBZ1_ModEndingLayout,
23E560,Obj_LBZ1InvisibleBarrier,
23E5F0,LBZ1_BackgroundInit,
23E618,LBZ1_BackgroundEvent,
23E620,LBZ1_BackgroundEvent_Index,
23E628,LBZ1BGE_Normal,
23E6A0,LBZ1BGE_DoTransition,
23E756,LBZ1_Deform,
23E7D2,LBZ2_ScreenInit,
23E7EE,LBZ2_ScreenEvent,
23E7FE,LBZ2_ScreenEvent_Index,
23E806,LBZ2SE_FromTransition,
23E824,LBZ2_LayoutMod,
23E84A,LBZ2SE_Normal,
23E84E,LBZ2_BackgroundInit,
23E882,LBZ2_BackgroundEvent,
23E88A,LBZ2_BackgroundEvent_Index,
23E8A2,LBZ2BGE_FromTransition,
23E8C2,LBZ2BGE_Refresh,
23E8D8,LBZ2BGE_Normal,
23E948,LBZ2BGE_DeathEgg,
23E99A,LBZ2BGE_PlatformDetach,
23EA00,LBZ2BGE_Falling,
23EA44,LBZ2_Deform,
23EC44,LBZ2_DeathEggDeform,
23EDE8,LBZ2_DeathEggMoveScreen,
23EEBE,LBZ2_EndFallingAccel,
23EF58,Gumball_ScreenInit,
23EFA2,Gumball_ScreenEvent,
23EFB6,Gumball_SetUpVScroll,
23EFCA,Gumball_VScroll,
23EFEC,Gumball_BackgroundInit,
23EFFE,Gumball_BackgroundEvent,
23F012,Gumball_Deform,
23F02A,ContinueScreen,
23F228,Obj_Continue_SonicWTails,
23F35E,Obj_Continue_TailsWSonic,
23F58E,Obj_3F58E,
240348,S3Credits,
24313E,Trap15_FuncDebug,
24315E,Func_Listing,Obj_SonicOnSegaScr
243178,SonicOnSegaScr_Init,
243232,SonicOnSegaScr_RunLeft,
243270,SonicOnSegaScr_MidWipe,
2432DA,SonicOnSegaScr_RunRight,
243314,SonicOnSegaScr_EndWipe,
243342,ObjB1,
243354,ObjB1_Init,
243378,ObjB1_Main,
24337E,SonicOnSegaScr_Move_Streaks_Left,
243392,SonicOnSegaScr_Move_Streaks_Right,
2435AC,SegaScr_VInt,
2436B2,Scale_2x,
243758,Scale2x_SingleTile,
243770,Scale2x_SingleTile2,
243788,Scale_2x_LeftPixels,
2437B2,Scale_2x_RightPixels,
2437DC,Scale_2x_LeftPixels2,
243806,Scale_2x_RightPixels2,
243830,Obj_GumballMachine,
243B08,Obj_GumballTriangleBumper,
244236,Obj_SSEntryRing,
244266,SSEntryRing_Init,
244278,SSEntryRing_Main,
244322,SSEntryRing_Animate,
244328,Obj_SSEntryFlash,
24434A,SSEntryFlash_Init,
24436E,SSEntryFlash_Main,
244392,SSEntryFlash_Finished,
2443A8,SSEntryFlash_GoSS,
2443EA,SSEntryRing_Display,
2446F2,Obj_CutsceneKnuckles,
244720,CutsceneKnux_AIZ1,
244926,CutsceneKnux_AIZ2,
244A9E,CutsceneKnux_Delete,
244AA4,CutsceneKnux_HCZ2,
244BFA,CutsceneKnux_CNZ2A,
244E62,CutsceneKnux_CNZ2B,
244FBA,CutsceneKnux_LBZ1,
245216,CutsceneKnux_LBZ2,
245424,Obj_LBZKnuxPillar,
24549C,Obj_CutsceneButton,
2455F4,Obj_CNZWaterLevelCorkFloor,
24564C,Obj_CNZWaterLevelButton,
24584E,Obj_AIZPlaneIntro,
245EA6,Obj_RobotnikHead,
245EC6,Obj_RobotnikHeadInit,
245EE2,Obj_RobotnikHeadMain,
245F16,Obj_RobotnikHeadEnd,
245F18,Obj_RobotnikHead2,
245F48,Obj_FBZRobotnikHead,
245F6E,Obj_FBZRobotnikHeadInit,
245F84,Obj_FBZRobotnikHeadMain,
245FD6,Obj_RobotnikHead3,
245FF6,Obj_RobotnikHead3Init,
246014,Obj_RobotnikHead3Main,
246048,Obj_RobotnikHead4,
246080,Obj_RobotnikShip,
246148,Obj_RobotnikShip2,
246166,Obj_RobotnikShip2Wait,
246182,Obj_RobotnikShip3,
2461B2,Obj_RobotnikShipInit,
2461D4,Obj_RobotnikShipMain,
246204,Obj_RobotnikShipWait,
246224,Obj_RobotnikShipReady,
24625E,Obj_RobotnikShipEscape,
24627C,Obj_RobotnikShip4,
24629A,Obj_FBZRobotnikShip,
2462BA,Obj_FBZRobotnikShipInit,
2462D6,Obj_FBZRobotnikShipMain,
24630C,Obj_FBZRobotnikShipWait,
24634A,Obj_FBZRobotnikShipFall,
246356,Obj_FBZRobotnikShipReadyGo,
246364,Obj_FBZRobotnikShipRise,
246382,Obj_RobotnikShipFlame,
246394,Obj_RobotnikShipFlameMain,
246442,Obj_AIZMinibossCutscene,
246532,Swing_Setup1,
246844,Obj_AIZMiniboss_Flame,
246974,Obj_AIZMiniboss,
2470B2,Obj_AIZEndBoss,
24710E,Obj_AIZEndBossMusic,
24711E,Obj_AIZEndBossMain,
24714C,Obj_AIZEndBossInit,
24796C,Child_SyncDraw,
247CF6,Obj_HCZMiniboss,
247DCA,Obj_HCZ_MinibossLoop,
24810A,Obj_HCZMiniboss_Rockets,
2482F2,Obj_HCZMiniboss_Engine,
248CDA,Obj_HCZEndBoss,
249D72,Obj_MGZ2DrillingRobotnik,
249DCA,Obj_MGZ2DrillingRobotnikGo,
249DDA,Obj_MGZ2DrillingRobotnikStart,
24A0F8,Obj_MGZEndBoss,
24A45E,Obj_MGZEndBossKnux,
24B1FE,MGZ2_SpecialCheckHit,
24B278,MGZ2_BossPalAdjust,
24B5A8,Obj_CNZMiniboss,
24B60C,Obj_CNZMinibossGo,
24B62A,Obj_CNZMinibossStart,
24B660,Obj_CNZMinibossInit,
24B69A,Obj_CNZMinibossLower,
24B6A6,Obj_CNZMinibossGo2,
24B6C8,Obj_CNZMinibossMove,
24B6DA,Obj_CNZMinibossGo3,
24B6E6,Obj_CNZMinibossCloseGo,
24B714,Obj_CNZMinibossChangeDir,
24B720,Obj_CNZMinibossOpening,
24B726,Obj_CNZMinibossOpenGo,
24B74A,Obj_CNZMinibossWaitHit,
24B772,Obj_CNZMinibossClosing,
24B778,Obj_CNZMinibossLower2,
24B78C,Obj_CNZMinibossEnd,
24B7C8,Obj_CNZMinibossEndGo,
24B7E8,Obj_CNZMinibossTop,
24B804,Obj_CNZMinibossTopInit,
24B81A,Obj_CNZMinibossTopWait,
24B844,Obj_CNZMinibossTopWait2,
24B850,Obj_CNZMinibossTopGo,
24B86C,Obj_CNZMinibossTopMain,
24BA0A,CNZMiniboss_BlockExplosion,
24BA3C,Obj_CNZMinibossCoil,
24BA56,Obj_CNZMinibossCoilClose,
24BAD2,Obj_CNZMinibossCoilOpen,
24BB0A,Obj_CNZMinibossTimedSparks,
24BB44,Obj_CNZMinibossTimedSparksGo,
24BB5A,Obj_CNZMinibossTimedSparksMain,
24BB70,Obj_CNZMinibossSparks,
24BBA0,Obj_CNZMinibossSparksMain,
24BBBE,Obj_CNZMinibossBounceEffect,
24BBF8,Obj_CNZMinibossDebris,
24BC42,SetUp_CNZMinibossSwing,
24BC5C,CNZMiniboss_CheckPlayerHit,
24BCB4,CNZMiniboss_CheckTopHit,
24BCFE,CNZMiniboss_BossDefeated,
24BD2A,CNZMiniboss_BossFlash,
24BD66,CNZMiniboss_MakeTimedSparks,
24BD78,CNZMiniboss_MoveDown,
24BD9A,CNZMinibossTop_CheckPlayerBounce,
24BE14,CNZMinibossTop_CheckHitBase,
24BF90,Obj_CNZEndBoss,
24C93E,Obj_FBZMiniboss,
24D558,Obj_FBZ2Subboss,
24DBA0,Obj_FBZEndBoss,
24E37E,Obj_ICZMiniboss,
24ECCE,Obj_ICZEndBoss,
24F474,Obj_LBZMiniboss,
24F9AC,Obj_LBZFinalBoss1,
25040E,Obj_LBZEndBoss,
250CAA,Obj_LBZFinalBoss2,
251B4C,Obj_LBZ2UnusedRobotnik,
251DB8,Perform_Art_Scaling,
251ED6,Animate_ExternalPlayerSprite,
2522EA,Obj_HiddenMonitor,
252312,Obj_HiddenMonitorMain,
2523A6,Obj_EndSign,
2523CC,Obj_EndSignInit,
252416,Obj_EndSignFall,
25247E,Obj_EndSignLanded,
2524C2,Obj_EndSignResults,
2524E8,Obj_EndSignAfter,
25251A,Obj_SignpostSparkle,
252554,Obj_SignpostSparkleMain,
25258E,Obj_SignpostStub,
25259C,Obj_SignpostStubMain,
2525A6,EndSign_CheckPlayerHit,
25261C,EndSign_CheckWall,
2526B8,AfterBoss_Cleanup,
2526EA,AfterBoss_AIZ1,
2526FE,AfterBoss_AIZ2,
252714,AfterBoss_HCZ,
252716,AfterBoss_MGZ,
252720,AfterBoss_CNZ,AfterBoss_FBZ / AfterBoss_ICZ1
252722,AfterBoss_ICZ2,
25272E,AfterBoss_LBZ,
2527DE,Obj_CreateBossExplosion,
2527F2,Obj_BossExpControl,
252820,Obj_WaitForParent,
252844,Obj_NormalExpControl,
252904,Obj_BossExplosionSpecial,
252940,Obj_BossExplosion,
25296A,Obj_BossExplosionAnim,
2529A8,SetUp_ObjAttributes,
2529AC,SetUp_ObjAttributes2,
2529B0,SetUp_ObjAttributes3,
2529D0,CreateChild1_Normal,
252A20,CreateChild2_Complex,
252A84,CreateChild3_NormalRepeated,
252AD6,CreateChild4_LinkListRepeated,
252B16,CreateChild5_ComplexAdjusted,
252B90,CreateChild6_Simple,
252BBC,CreateChild7_Normal2,
252C0C,CreateChild8_TreeListRepeated,
252C4C,Refresh_ChildPosition,
252C72,Refresh_ChildPositionAdjusted,
252CC4,Animate_Raw,
252CC8,Animate_RawNoSST,
252D04,AnimateRaw_Jump,
252D12,AnimateRaw_Restart,
252D1E,AnimateRaw_CustomCode,
252D28,Animate_RawAdjustFlipX,
252D5C,Animate_RawAdjustFlipY,
252D92,Animate_RawMultiDelay,
252D96,Animate_RawNoSSTMultiDelay,
252E04,Animate_RawMultiDelayFlipX,
252E08,Animate_RawNoSSTMultiDelayFlipX,
252E40,Animate_RawMultiDelayFlipY,
252E7E,Animate_RawGetFaster,
252EFE,Animate_RawGetSlower,
252F64,Swing_UpAndDown,
252FA8,Swing_LeftAndRight,
252FEC,Swing_UpAndDown_Count,
253008,Obj_Wait,
253016,ObjHitFloor_DoRoutine,
25302E,ObjHitFloor2_DoRoutine,
25305A,ObjHitWall_DoRoutine,
253070,ObjHitWall2_DoRoutine,
253086,Draw_And_Touch_Sprite,
253092,Child_Draw_Sprite,
2530A8,Child_DrawTouch_Sprite,
2530C4,Child_Remember_Draw_Sprite,
2530DE,Child_Draw_Sprite2,
2530F4,Child_DrawTouch_Sprite2,
253118,Child_Draw_Sprite_FlickerMove,
253144,Child_Draw_Sprite2_FlickerMove,
253156,Child_DrawTouch_Sprite_FlickerMove,
25316E,Child_DrawTouch_Sprite2_FlickerMove,
25319A,Obj_IncLevEndXGradual,
2531C8,Obj_DecLevStartXGradual,
2531F6,Obj_DecLevStartYGradual,
253224,Obj_IncLevEndYGradual,
25326A,Find_SonicTails,
2532AE,Change_FlipX,
2532C0,Change_FlipXWithVelocity,
2532D4,Change_FlipXUseParent,
2532EE,Find_OtherObject,
253312,MoveSprite_LightGravity,
253332,MoveSprite_CircularSimple,
25335A,MoveSprite_CircularSimpleOffset,
253392,MoveSprite_AtAngleLookup,
2533D6,AtAngle_00_3F,
2533E4,AtAngle_40_7F,
2533F4,AtAngle_80_BF,
253406,AtAngle_C0_FF,
253416,MoveSprite_CircularLookup,
25347A,MoveSprite_AngleYLookup,
2534D8,MoveSprite_AngleXLookupOffset,
2535EE,MoveDraw_SpriteTimed,
253602,MoveDraw_SpriteTimed2,
253614,TimedSprite_ScreenLock,
253626,BossFlash,
253638,SetUp_ObjAttributesSlotted,
2536B6,Perform_DPLC,
253704,Sprite_CheckDelete,
253736,Sprite_CheckDelete2,
25377C,Sprite_CheckDeleteXY,
2537AA,Obj_FlickerMove,
2537E8,Sprite_CheckDeleteTouch,
253808,Sprite_CheckDeleteTouch2,
253842,Sprite_CheckDeleteTouchXY,
253876,Sprite_CheckDeleteSlotted,
25388E,Go_Delete_SpriteSlotted,
25389A,Go_Delete_SpriteSlotted2,
2538A6,Remove_From_TrackingSlot,
2538CA,Sprite_CheckDeleteTouchSlotted,
2538EE,Go_Delete_SpriteSlotted3,
2539DE,Go_Delete_Sprite,
2539EC,Go_Delete_Sprite_2,
2539FA,Set_IndexedVelocity,
253A7A,Find_SonicTails8Way,
253B04,Set_VelocityXTrackSonic,
253B24,Chase_Object,
253B7C,Chase_ObjectXOnly,
253BA8,Chase_ObjectYOnly,
253C3C,Obj_FadeSelectedFromBlack,
253C7C,IncColor_Obj,
253CB0,MoveFall_AnimateRaw,
253CBA,Move_AnimateRaw,
253CC4,MoveSlowFall_AnimateRaw,
253CD0,Move_AnimateRaw_Wait,
253CDE,Refresh_ChildPosWait,
253CE2,Wait_Draw,
253CEC,MoveWaitTouch,
253CFE,AnimateRaw_DrawTouch,
253D06,AnimateRaw_MoveChkDel,
253D0A,MoveChkDel,
253D18,MoveTouchChkDel,
253D22,Move_WaitNoFall,
253D2C,Swing_MoveWaitNoFall,
253D6C,EnemyDefeat_Score,
253DF0,Check_LRControllerShake,
253E28,Check_PlayerCollision,
253E58,Check_PlayerInRange,
253EA0,PalLoad_Line1,
253EAE,Displace_PlayerOffObject,
253EEA,Run_PalRotationScript,
253F84,Child_GetPriority,
253FA4,Child_GetPriorityOnce,
253FBA,CopyWordData_7,
253FBE,CopyWordData_6,
253FC2,CopyWordData_5,
253FC6,CopyWordData_4,
253FCA,CopyWordData_3,
253FCE,CopyWordData_2,
253FD8,Obj_WaitOffscreen,
254034,Obj_Song_Fade_ToLevelMusic,
25405A,Obj_Song_Fade_Transition,
254086,Restore_LevelMusic,
2540B8,Restore_PlayerControl,
2540BC,Restore_PlayerControl2,
2540D6,Obj_EndSignControl,
254112,Obj_EndSignControlWait,
25411C,Obj_EndSignControlDoSign,
254146,Obj_EndSignControlAwaitStart,
254160,Obj_EndSignControlDoStart,
25417C,Check_CameraInRange,
254242,Change_Act2Sizes,
254272,Make_LevelSizeObj,
25428E,StartNewLevel,
2542A6,Play_SFX_Continuous,
2543BA,BossDefeated_StopTimer,
2543BE,BossDefeated,
2543D4,Player_Load_PLC,
2543F4,PLCLoad_AnimalsAndExplosion,
254484,AddRings,
2544E0,Obj_EggCapsule,
254888,Check_TailsEndPose,
25491C,Set_PlayerEndingPose,
254B66,Obj_Bloominator,
254C52,Obj_Rhinobot,
254F52,Obj_MonkeyDude,
2554C6,Obj_CaterKillerJr,
2556AE,Obj_Jawz,
255726,Obj_Blastoid,
25580A,Obj_Buggernaut,
255810,Obj_Buggernaut_2,
2558A2,Obj_Buggernaught_Baby,
2559AA,Obj_TurboSpiker,
255D3C,Obj_MegaChopper,
256068,Obj_Poindexter,
256122,Obj_BubblesBadnik,
256246,Obj_Tunnelbot,
256354,Obj_MGZMiniboss,
256954,Obj_Spiker,
256C1E,Obj_Mantis,
256D72,Obj_Clamer,
256F4C,Obj_Sparkle,
25712A,Obj_Batbot,
257242,Obj_Blaster,
2574B8,Obj_TechnoSqueek,
257764,Obj_ICZPathFollowPlatform,
25776A,Obj_ICZPathFollowPlatform_2,
257A92,Obj_ICZBreakableWall,
257B46,Obj_ICZIceBlock,
257C54,Obj_ICZCrushingColumn,
257E38,Obj_ICZFreezer,
258324,Obj_ICZSegmentColumn,
2584BC,Obj_ICZSwingingPlatform,
25894C,Obj_ICZStalagtite,
258A58,Obj_ICZIceSpikes,
258B24,Obj_ICZIceCube,
258C6A,Obj_ICZHarmfulIce,
258CE8,Obj_ICZSnowPile,
259032,Obj_ICZTensionPlatform,
259276,Obj_Penguinator,
2594D8,Obj_ICZSnowdust,
2595C6,Obj_StarPointer,
259746,Obj_SnaleBlaster,
259A74,Obj_Ribot,
259DB2,Obj_Orbinaut,
259EA4,Obj_Corkey,
25A0DA,Obj_Flybot767,
25A2C0,Obj_LBZ1Robotnik,
25A512,Obj_LBZMinibossBox,
25A834,Obj_LBZ2RobotnikShip,
25B520,DebugMode,
